chr;start;end;value1;color
sq0001;11920000;11930000;0.00218160980230417;a
sq0001;11920000;11930000;0.00218160980230417;a
sq0001;12020000;12030000;0.00145723310274134;a
sq0001;12020000;12030000;0.00145723310274134;a
sq0001;12030000;12040000;0.00145723310274134;a
sq0001;12030000;12040000;0.00145723310274134;a
sq0001;16980000;16990000;0.00135431225114693;a
sq0001;16980000;16990000;0.00135431225114693;a
sq0001;23720000;23730000;0.00209935563442402;a
sq0001;23720000;23730000;0.00209935563442402;a
sq0001;23730000;23740000;0.00157408413593847;a
sq0001;23730000;23740000;0.00157408413593847;a
sq0001;3640000;3650000;0.00227652756248504;a
sq0001;3640000;3650000;0.00227652756248504;a
sq0001;3740000;3750000;0.00215642980615708;a
sq0001;3740000;3750000;0.00215642980615708;a
sq0001;4610000;4620000;0.00232301158639545;a
sq0001;4610000;4620000;0.00232301158639545;a
sq0001;7800000;7810000;0.00133223937092892;a
sq0001;7800000;7810000;0.00133223937092892;a
sq0003;10360000;10370000;0.00167331302755459;a
sq0003;10360000;10370000;0.00167331302755459;a
sq0003;15150000;15160000;0.00209935563442402;a
sq0003;15150000;15160000;0.00209935563442402;a
sq0003;230000;240000;0.00147022778741138;a
sq0003;230000;240000;0.00147022778741138;a
sq0003;23330000;23340000;0.00221194723619983;a
sq0003;23330000;23340000;0.00221194723619983;a
sq0003;27400000;27410000;0.00147724656724012;a
sq0003;27400000;27410000;0.00147724656724012;a
sq0003;27410000;27420000;0.00147053679567892;a
sq0003;27410000;27420000;0.00147053679567892;a
sq0003;29500000;29510000;0.00216415727586138;a
sq0003;29500000;29510000;0.00216415727586138;a
sq0003;3190000;3200000;0.00147332978744418;a
sq0003;3190000;3200000;0.00147332978744418;a
sq0003;36490000;36500000;0.00178612703306145;a
sq0003;36490000;36500000;0.00178612703306145;a
sq0003;37220000;37230000;0.00143189308518514;a
sq0003;37220000;37230000;0.00143189308518514;a
sq0003;39170000;39180000;0.00135387215604483;a
sq0003;39170000;39180000;0.00135387215604483;a
sq0003;42240000;42250000;0.00274539113962212;a
sq0003;42240000;42250000;0.00274539113962212;a
sq0003;44220000;44230000;0.00166417876738768;a
sq0003;44220000;44230000;0.00166417876738768;a
sq0003;49150000;49160000;0.00253048521546119;a
sq0003;49150000;49160000;0.00253048521546119;a
sq0003;49170000;49180000;0.00166290466770926;a
sq0003;49170000;49180000;0.00166290466770926;a
sq0003;49300000;49310000;0.00142959816784753;a
sq0003;49300000;49310000;0.00142959816784753;a
sq0003;50480000;50490000;0.00161908008797464;a
sq0003;50480000;50490000;0.00161908008797464;a
sq0003;50520000;50530000;0.00161908008797464;a
sq0003;50520000;50530000;0.00161908008797464;a
sq0003;54070000;54080000;0.00205891209970527;a
sq0003;54070000;54080000;0.00205891209970527;a
sq0003;8340000;8350000;0.001489373815378;a
sq0003;8340000;8350000;0.001489373815378;a
sq0005;10700000;10710000;0.0013511596031836;a
sq0005;10700000;10710000;0.0013511596031836;a
sq0005;11380000;11390000;0.00139108576800187;a
sq0005;11380000;11390000;0.00139108576800187;a
sq0005;12620000;12630000;0.00147118622469028;a
sq0005;12620000;12630000;0.00147118622469028;a
sq0005;12940000;12950000;0.00246047874028993;a
sq0005;12940000;12950000;0.00246047874028993;a
sq0005;16450000;16460000;0.00142693463597463;a
sq0005;16450000;16460000;0.00142693463597463;a
sq0005;16810000;16820000;0.00161908008797464;a
sq0005;16810000;16820000;0.00161908008797464;a
sq0005;21030000;21040000;0.00189501655595647;a
sq0005;21030000;21040000;0.00189501655595647;a
sq0005;24560000;24570000;0.002572409183571;a
sq0005;24560000;24570000;0.002572409183571;a
sq0005;26620000;26630000;0.00133223937092892;a
sq0005;26620000;26630000;0.00133223937092892;a
sq0005;28520000;28530000;0.00134753976379697;a
sq0005;28520000;28530000;0.00134753976379697;a
sq0005;28690000;28700000;0.00212038662141393;a
sq0005;28690000;28700000;0.00212038662141393;a
sq0005;29270000;29280000;0.00133223937092892;a
sq0005;29270000;29280000;0.00133223937092892;a
sq0005;30650000;30660000;0.00274090168591504;a
sq0005;30650000;30660000;0.00274090168591504;a
sq0005;560000;570000;0.00136607554574225;a
sq0005;560000;570000;0.00136607554574225;a
sq0005;7100000;7110000;0.00130958075277463;a
sq0005;7100000;7110000;0.00130958075277463;a
sq0005;7660000;7670000;0.00207097927564799;a
sq0005;7660000;7670000;0.00207097927564799;a
sq0005;8370000;8380000;0.0025091823474566;a
sq0005;8370000;8380000;0.0025091823474566;a
sq0007;15400000;15410000;0.00131529951675616;a
sq0007;15400000;15410000;0.00131529951675616;a
sq0007;18350000;18360000;0.0013406913770546;a
sq0007;18350000;18360000;0.0013406913770546;a
sq0007;25240000;25250000;0.00141941213383611;a
sq0007;25240000;25250000;0.00141941213383611;a
sq0007;26250000;26260000;0.00254409653449147;a
sq0007;26250000;26260000;0.00254409653449147;a
sq0007;26630000;26640000;0.00137705614152094;a
sq0007;26630000;26640000;0.00137705614152094;a
sq0007;27930000;27940000;0.0014986776939085;a
sq0007;27930000;27940000;0.0014986776939085;a
sq0009;1000000;1010000;0.00191734719121659;a
sq0009;1000000;1010000;0.00191734719121659;a
sq0009;22560000;22570000;0.00279133590071168;a
sq0009;22560000;22570000;0.00279133590071168;a
sq0009;22570000;22580000;0.00228671717349096;a
sq0009;22570000;22580000;0.00228671717349096;a
sq0009;24850000;24860000;0.00135431225114693;a
sq0009;24850000;24860000;0.00135431225114693;a
sq0009;3150000;3160000;0.00137201697140138;a
sq0009;3150000;3160000;0.00137201697140138;a
sq0009;9640000;9650000;0.00133223937092892;a
sq0009;9640000;9650000;0.00133223937092892;a
sq0011;10090000;10100000;0.00147709000294243;a
sq0011;10090000;10100000;0.00147709000294243;a
sq0011;10550000;10560000;0.00174742453642317;a
sq0011;10550000;10560000;0.00174742453642317;a
sq0011;11720000;11730000;0.00180536180557541;a
sq0011;11720000;11730000;0.00180536180557541;a
sq0011;14120000;14130000;0.00196987475952277;a
sq0011;14120000;14130000;0.00196987475952277;a
sq0011;16130000;16140000;0.00210265688277396;a
sq0011;16130000;16140000;0.00210265688277396;a
sq0011;16210000;16220000;0.00185139382338397;a
sq0011;16210000;16220000;0.00185139382338397;a
sq0011;19780000;19790000;0.00152500629160389;a
sq0011;19780000;19790000;0.00152500629160389;a
sq0011;21250000;21260000;0.0022654152578976;a
sq0011;21250000;21260000;0.0022654152578976;a
sq0011;21540000;21550000;0.00148047605014272;a
sq0011;21540000;21550000;0.00148047605014272;a
sq0011;230000;240000;0.00232612008590809;a
sq0011;230000;240000;0.00232612008590809;a
sq0011;25410000;25420000;0.00162253100435087;a
sq0011;25410000;25420000;0.00162253100435087;a
sq0011;30310000;30320000;0.0013563034473332;a
sq0011;30310000;30320000;0.0013563034473332;a
sq0011;30790000;30800000;0.00136192452094924;a
sq0011;30790000;30800000;0.00136192452094924;a
sq0011;34050000;34060000;0.00140431217976275;a
sq0011;34050000;34060000;0.00140431217976275;a
sq0011;36450000;36460000;0.0013406913770546;a
sq0011;36450000;36460000;0.0013406913770546;a
sq0011;40240000;40250000;0.00133223937092892;a
sq0011;40240000;40250000;0.00133223937092892;a
sq0013;10080000;10090000;0.00131178026181664;a
sq0013;10080000;10090000;0.00131178026181664;a
sq0013;16210000;16220000;0.00133697949843709;a
sq0013;16210000;16220000;0.00133697949843709;a
sq0013;23790000;23800000;0.00136270609843416;a
sq0013;23790000;23800000;0.00136270609843416;a
sq0013;29210000;29220000;0.00204059335699826;a
sq0013;29210000;29220000;0.00204059335699826;a
sq0013;29270000;29280000;0.00225808376593233;a
sq0013;29270000;29280000;0.00225808376593233;a
sq0013;32330000;32340000;0.00153926426699034;a
sq0013;32330000;32340000;0.00153926426699034;a
sq0013;32560000;32570000;0.00133223937092892;a
sq0013;32560000;32570000;0.00133223937092892;a
sq0013;540000;550000;0.00272422866339977;a
sq0013;540000;550000;0.00272422866339977;a
sq0013;6100000;6110000;0.00141911404620924;a
sq0013;6100000;6110000;0.00141911404620924;a
sq0013;9360000;9370000;0.0013431978317488;a
sq0013;9360000;9370000;0.0013431978317488;a
sq0015;10990000;11000000;0.00132637210869542;a
sq0015;10990000;11000000;0.00132637210869542;a
sq0015;11980000;11990000;0.00187135003766722;a
sq0015;11980000;11990000;0.00187135003766722;a
sq0015;13490000;13500000;0.00233597154062791;a
sq0015;13490000;13500000;0.00233597154062791;a
sq0015;16250000;16260000;0.00158567544919031;a
sq0015;16250000;16260000;0.00158567544919031;a
sq0015;23070000;23080000;0.00176404979010442;a
sq0015;23070000;23080000;0.00176404979010442;a
sq0015;23170000;23180000;0.0013406913770546;a
sq0015;23170000;23180000;0.0013406913770546;a
sq0015;26310000;26320000;0.00131666127633772;a
sq0015;26310000;26320000;0.00131666127633772;a
sq0015;26490000;26500000;0.00272422866339977;a
sq0015;26490000;26500000;0.00272422866339977;a
sq0015;660000;670000;0.00148766241494441;a
sq0015;660000;670000;0.00148766241494441;a
sq0015;6980000;6990000;0.00253048521546119;a
sq0015;6980000;6990000;0.00253048521546119;a
sq0015;7610000;7620000;0.0013406913770546;a
sq0015;7610000;7620000;0.0013406913770546;a
sq0015;9370000;9380000;0.00153757097085343;a
sq0015;9370000;9380000;0.00153757097085343;a
sq0015;9800000;9810000;0.00148552487175626;a
sq0015;9800000;9810000;0.00148552487175626;a
sq0017;16130000;16140000;0.00162253100435087;a
sq0017;16130000;16140000;0.00162253100435087;a
sq0017;7460000;7470000;0.00133223937092892;a
sq0017;7460000;7470000;0.00133223937092892;a
sq0019;10370000;10380000;0.00186751681565733;a
sq0019;10370000;10380000;0.00186751681565733;a
sq0019;11660000;11670000;0.00198107778364616;a
sq0019;11660000;11670000;0.00198107778364616;a
sq0019;14700000;14710000;0.00180563333934626;a
sq0019;14700000;14710000;0.00180563333934626;a
sq0019;21280000;21290000;0.00132062298860023;a
sq0019;21280000;21290000;0.00132062298860023;a
sq0019;27750000;27760000;0.00146160629420298;a
sq0019;27750000;27760000;0.00146160629420298;a
sq0021;1180000;1190000;0.00279586645362234;a
sq0021;1180000;1190000;0.00279586645362234;a
sq0021;12490000;12500000;0.00254842187504145;a
sq0021;12490000;12500000;0.00254842187504145;a
sq0021;14130000;14140000;0.00133223937092892;a
sq0021;14130000;14140000;0.00133223937092892;a
sq0021;16290000;16300000;0.00134445098423831;a
sq0021;16290000;16300000;0.00134445098423831;a
sq0021;19130000;19140000;0.00241786815472929;a
sq0021;19130000;19140000;0.00241786815472929;a
sq0021;20770000;20780000;0.0019397300492939;a
sq0021;20770000;20780000;0.0019397300492939;a
sq0021;20820000;20830000;0.00202485211122195;a
sq0021;20820000;20830000;0.00202485211122195;a
sq0021;21080000;21090000;0.00251446595304944;a
sq0021;21080000;21090000;0.00251446595304944;a
sq0021;23110000;23120000;0.0014444764094515;a
sq0021;23110000;23120000;0.0014444764094515;a
sq0021;2970000;2980000;0.00139411861765286;a
sq0021;2970000;2980000;0.00139411861765286;a
sq0021;8830000;8840000;0.00133223937092892;a
sq0021;8830000;8840000;0.00133223937092892;a