chr;start;end;value1;color;V6;V7
sq0002;0;100;0;a;0;0
sq0002;200000;200100;1;a;0;0
sq0002;400000;400100;0;a;0;0
sq0002;600000;600100;3;a;0;0
sq0002;800000;800100;4;a;0;0
sq0002;1000000;1000100;9;a;0;0
sq0002;1200000;1200100;2;a;0;0
sq0002;1400000;1400100;5;a;0;0
sq0002;1600000;1600100;15;a;0;0
sq0002;1800000;1800100;0;a;0;0
sq0002;2000000;2000100;3;a;0;0
sq0002;2200000;2200100;12;a;0;0
sq0002;2400000;2400100;6;a;0;0
sq0002;2600000;2600100;0;a;0;0
sq0002;2800000;2800100;4;a;0;0
sq0002;3000000;3000100;7;a;0;0
sq0002;3200000;3200100;1;a;0;0
sq0002;3400000;3400100;0;a;0;0
sq0002;3600000;3600100;4;a;0;0
sq0002;3800000;3800100;15;a;0;0
sq0002;4000000;4000100;5;a;0;0
sq0002;4200000;4200100;26;a;0;0
sq0002;4400000;4400100;10;a;0;0
sq0002;4600000;4600100;7;a;0;0
sq0002;4800000;4800100;13;a;0;0
sq0002;5000000;5000100;6;a;0;0
sq0002;5200000;5200100;2;a;0;0
sq0002;5400000;5400100;10;a;0;0
sq0002;5600000;5600100;17;a;0;0
sq0002;5800000;5800100;11;a;0;0
sq0002;6000000;6000100;14;a;0;0
sq0002;6200000;6200100;10;a;0;0
sq0002;6400000;6400100;8;a;0;0
sq0002;6600000;6600100;11;a;0;0
sq0002;6800000;6800100;12;a;0;0
sq0002;7000000;7000100;16;a;0;0
sq0002;7200000;7200100;2;a;0;0
sq0002;7400000;7400100;10;a;0;0
sq0002;7600000;7600100;6;a;0;0
sq0002;7800000;7800100;19;a;0;0
sq0002;8000000;8000100;18;a;0;0
sq0002;8200000;8200100;10;a;0;0
sq0002;8400000;8400100;28;a;0;0
sq0002;8600000;8600100;19;a;0;0
sq0002;8800000;8800100;16;a;0;0
sq0002;9000000;9000100;31;a;0;0
sq0002;9200000;9200100;21;a;0;0
sq0002;9400000;9400100;16;a;0;0
sq0002;9600000;9600100;10;a;0;0
sq0002;9800000;9800100;26;a;0;0
sq0002;10000000;10000100;1;a;0;0
sq0002;10200000;10200100;3;a;0;0
sq0002;10400000;10400100;10;a;0;0
sq0002;10600000;10600100;15;a;0;0
sq0002;10800000;10800100;13;a;0;0
sq0002;11000000;11000100;8;a;0;0
sq0002;11200000;11200100;16;a;0;0
sq0002;11400000;11400100;25;a;0;0
sq0002;11600000;11600100;10;a;0;0
sq0002;11800000;11800100;30;a;0;0
sq0002;12000000;12000100;23;a;0;0
sq0002;12200000;12200100;25;a;0;0
sq0002;12400000;12400100;15;a;0;0
sq0002;12600000;12600100;29;a;0;0
sq0002;12800000;12800100;27;a;0;0
sq0002;13000000;13000100;20;a;0;0
sq0002;13200000;13200100;21;a;0;0
sq0002;13400000;13400100;37;a;0;0
sq0002;13600000;13600100;34;a;0;0
sq0002;13800000;13800100;13;a;0;0
sq0002;14000000;14000100;14;a;0;0
sq0002;14200000;14200100;28;a;0;0
sq0002;14400000;14400100;19;a;0;0
sq0002;14600000;14600100;28;a;0;0
sq0002;14800000;14800100;34;a;0;0
sq0002;15000000;15000100;27;a;0;0
sq0002;15200000;15200100;40;a;0;0
sq0002;15400000;15400100;49;a;0;0
sq0002;15600000;15600100;29;a;0;0
sq0002;15800000;15800100;15;a;0;0
sq0002;16000000;16000100;31;a;0;0
sq0002;16200000;16200100;38;a;0;0
sq0002;16400000;16400100;48;a;0;0
sq0002;16600000;16600100;23;a;0;0
sq0002;16800000;16800100;30;a;0;0
sq0002;17000000;17000100;30;a;0;0
sq0002;17200000;17200100;35;a;0;0
sq0002;17400000;17400100;12;a;0;0
sq0002;17600000;17600100;28;a;0;0
sq0002;17800000;17800100;34;a;0;0
sq0002;18000000;18000100;34;a;0;0
sq0002;18200000;18200100;21;a;0;0
sq0002;18400000;18400100;27;a;0;0
sq0002;18600000;18600100;33;a;0;0
sq0002;18800000;18800100;17;a;0;0
sq0002;19000000;19000100;14;a;0;0
sq0002;19200000;19200100;19;a;0;0
sq0002;19400000;19400100;31;a;0;0
sq0002;19600000;19600100;27;a;0;0
sq0002;19800000;19800100;7;a;0;0
sq0002;20000000;20000100;17;a;0;0
sq0002;20200000;20200100;24;a;0;0
sq0002;20400000;20400100;21;a;0;0
sq0002;20600000;20600100;24;a;0;0
sq0002;20800000;20800100;25;a;0;0
sq0002;21000000;21000100;37;a;0;0
sq0002;21200000;21200100;14;a;0;0
sq0002;21400000;21400100;13;a;0;0
sq0002;21600000;21600100;20;a;0;0
sq0002;21800000;21800100;12;a;0;0
sq0002;22000000;22000100;8;a;0;0
sq0002;22200000;22200100;23;a;0;0
sq0002;22400000;22400100;19;a;0;0
sq0002;22600000;22600100;32;a;0;0
sq0002;22800000;22800100;32;a;0;0
sq0002;23000000;23000100;21;a;0;0
sq0002;23200000;23200100;22;a;0;0
sq0002;23400000;23400100;5;a;0;0
sq0002;23600000;23600100;29;a;0;0
sq0002;23800000;23800100;31;a;0;0
sq0002;24000000;24000100;27;a;0;0
sq0002;24200000;24200100;0;a;0;0
sq0002;24400000;24400100;9;a;0;0
sq0002;24600000;24600100;9;a;0;0
sq0002;24800000;24800100;6;a;0;0
sq0002;25000000;25000100;14;a;0;0
sq0002;25200000;25200100;11;a;0;0
sq0002;25400000;25400100;9;a;0;0
sq0002;25600000;25600100;3;a;0;0
sq0002;25800000;25800100;17;a;0;0
sq0002;26000000;26000100;17;a;0;0
sq0002;26200000;26200100;14;a;0;0
sq0002;26400000;26400100;5;a;0;0
sq0002;26600000;26600100;2;a;0;0
sq0002;26800000;26800100;5;a;0;0
sq0002;27000000;27000100;6;a;0;0
sq0002;27200000;27200100;1;a;0;0
sq0002;27400000;27400100;2;a;0;0
sq0002;27600000;27600100;3;a;0;0
sq0002;27800000;27800100;9;a;0;0
sq0002;28000000;28000100;2;a;0;0
sq0002;28200000;28200100;3;a;0;0
sq0002;28400000;28400100;5;a;0;0
sq0002;28600000;28600100;17;a;0;0
sq0002;28800000;28800100;2;a;0;0
sq0002;29000000;29000100;9;a;0;0
sq0002;29200000;29200100;0;a;0;0
sq0002;29400000;29400100;0;a;0;0
sq0002;29600000;29600100;0;a;0;0
sq0002;29800000;29800100;0;a;0;0
sq0002;30000000;30000100;12;a;0;0
sq0002;30200000;30200100;11;a;0;0
sq0002;30400000;30400100;14;a;0;0
sq0002;30600000;30600100;4;a;0;0
sq0002;30800000;30800100;0;a;0;0
sq0002;31000000;31000100;22;a;0;0
sq0002;31200000;31200100;0;a;0;0
sq0002;31400000;31400100;1;a;0;0
sq0002;31600000;31600100;0;a;0;0
sq0002;31800000;31800100;2;a;0;0
sq0002;32000000;32000100;16;a;0;0
sq0002;32200000;32200100;1;a;0;0
sq0002;32400000;32400100;8;a;0;0
sq0002;32600000;32600100;3;a;0;0
sq0002;32800000;32800100;0;a;0;0
sq0002;33000000;33000100;0;a;0;0
sq0002;33200000;33200100;0;a;0;0
sq0002;33400000;33400100;0;a;0;0
sq0002;33600000;33600100;1;a;0;0
sq0002;33800000;33800100;1;a;0;0
sq0002;34000000;34000100;6;a;0;0
sq0002;34200000;34200100;0;a;0;0
sq0002;34400000;34400100;1;a;0;0
sq0002;34600000;34600100;0;a;0;0
sq0002;34800000;34800100;0;a;0;0
sq0002;35000000;35000100;2;a;0;0
sq0002;35200000;35200100;0;a;0;0
sq0002;35400000;35400100;0;a;0;0
sq0002;35600000;35600100;7;a;0;0
sq0002;35800000;35800100;9;a;0;0
sq0002;36000000;36000100;0;a;0;0
sq0002;36200000;36200100;2;a;0;0
sq0002;36400000;36400100;0;a;0;0
sq0002;36600000;36600100;0;a;0;0
sq0002;36800000;36800100;1;a;0;0
sq0002;37000000;37000100;0;a;0;0
sq0002;37200000;37200100;0;a;0;0
sq0002;37400000;37400100;0;a;0;0
sq0002;37600000;37600100;0;a;0;0
sq0002;37800000;37800100;3;a;0;0
sq0002;38000000;38000100;6;a;0;0
sq0002;38200000;38200100;0;a;0;0
sq0002;38400000;38400100;0;a;0;0
sq0002;38600000;38600100;6;a;0;0
sq0002;38800000;38800100;4;a;0;0
sq0002;39000000;39000100;0;a;0;0
sq0002;39200000;39200100;0;a;0;0
sq0002;39400000;39400100;0;a;0;0
sq0002;39600000;39600100;0;a;0;0
sq0002;39800000;39800100;0;a;0;0
sq0002;40000000;40000100;0;a;0;0
sq0002;40200000;40200100;0;a;0;0
sq0002;40400000;40400100;0;a;0;0
sq0002;40600000;40600100;0;a;0;0
sq0002;40800000;40800100;1;a;0;0
sq0002;41000000;41000100;0;a;0;0
sq0002;41200000;41200100;11;a;0;0
sq0002;41400000;41400100;0;a;0;0
sq0002;41600000;41600100;0;a;0;0
sq0002;41800000;41800100;0;a;0;0
sq0002;42000000;42000100;2;a;0;0
sq0002;42200000;42200100;2;a;0;0
sq0002;42400000;42400100;0;a;0;0
sq0002;42600000;42600100;0;a;0;0
sq0004;0;100;0;a;0;0
sq0004;200000;200100;0;a;0;0
sq0004;400000;400100;0;a;0;0
sq0004;600000;600100;4;a;0;0
sq0004;800000;800100;0;a;0;0
sq0004;1000000;1000100;5;a;0;0
sq0004;1200000;1200100;1;a;0;0
sq0004;1400000;1400100;0;a;0;0
sq0004;1600000;1600100;5;a;0;0
sq0004;1800000;1800100;5;a;0;0
sq0004;2000000;2000100;0;a;0;0
sq0004;2200000;2200100;0;a;0;0
sq0004;2400000;2400100;1;a;0;0
sq0004;2600000;2600100;0;a;0;0
sq0004;2800000;2800100;0;a;0;0
sq0004;3000000;3000100;2;a;0;0
sq0004;3200000;3200100;1;a;0;0
sq0004;3400000;3400100;0;a;0;0
sq0004;3600000;3600100;1;a;0;0
sq0004;3800000;3800100;2;a;0;0
sq0004;4000000;4000100;9;a;0;0
sq0004;4200000;4200100;0;a;0;0
sq0004;4400000;4400100;0;a;0;0
sq0004;4600000;4600100;0;a;0;0
sq0004;4800000;4800100;0;a;0;0
sq0004;5000000;5000100;6;a;0;0
sq0004;5200000;5200100;1;a;0;0
sq0004;5400000;5400100;0;a;0;0
sq0004;5600000;5600100;0;a;0;0
sq0004;5800000;5800100;0;a;0;0
sq0004;6000000;6000100;0;a;0;0
sq0004;6200000;6200100;0;a;0;0
sq0004;6400000;6400100;0;a;0;0
sq0004;6600000;6600100;4;a;0;0
sq0004;6800000;6800100;3;a;0;0
sq0004;7000000;7000100;0;a;0;0
sq0004;7200000;7200100;0;a;0;0
sq0004;7400000;7400100;4;a;0;0
sq0004;7600000;7600100;4;a;0;0
sq0004;7800000;7800100;0;a;0;0
sq0004;8000000;8000100;5;a;0;0
sq0004;8200000;8200100;1;a;0;0
sq0004;8400000;8400100;0;a;0;0
sq0004;8600000;8600100;2;a;0;0
sq0004;8800000;8800100;3;a;0;0
sq0004;9000000;9000100;0;a;0;0
sq0004;9200000;9200100;2;a;0;0
sq0004;9400000;9400100;0;a;0;0
sq0004;9600000;9600100;0;a;0;0
sq0004;9800000;9800100;0;a;0;0
sq0004;10000000;10000100;1;a;0;0
sq0004;10200000;10200100;3;a;0;0
sq0004;10400000;10400100;0;a;0;0
sq0004;10600000;10600100;0;a;0;0
sq0004;10800000;10800100;0;a;0;0
sq0004;11000000;11000100;0;a;0;0
sq0004;11200000;11200100;2;a;0;0
sq0004;11400000;11400100;6;a;0;0
sq0004;11600000;11600100;0;a;0;0
sq0004;11800000;11800100;2;a;0;0
sq0004;12000000;12000100;4;a;0;0
sq0004;12200000;12200100;6;a;0;0
sq0004;12400000;12400100;1;a;0;0
sq0004;12600000;12600100;1;a;0;0
sq0004;12800000;12800100;10;a;0;0
sq0004;13000000;13000100;7;a;0;0
sq0004;13200000;13200100;0;a;0;0
sq0004;13400000;13400100;3;a;0;0
sq0004;13600000;13600100;9;a;0;0
sq0004;13800000;13800100;0;a;0;0
sq0004;14000000;14000100;5;a;0;0
sq0004;14200000;14200100;3;a;0;0
sq0004;14400000;14400100;6;a;0;0
sq0004;14600000;14600100;4;a;0;0
sq0004;14800000;14800100;5;a;0;0
sq0004;15000000;15000100;0;a;0;0
sq0004;15200000;15200100;0;a;0;0
sq0004;15400000;15400100;3;a;0;0
sq0004;15600000;15600100;1;a;0;0
sq0004;15800000;15800100;0;a;0;0
sq0004;16000000;16000100;1;a;0;0
sq0004;16200000;16200100;3;a;0;0
sq0004;16400000;16400100;0;a;0;0
sq0004;16600000;16600100;0;a;0;0
sq0004;16800000;16800100;0;a;0;0
sq0004;17000000;17000100;3;a;0;0
sq0004;17200000;17200100;0;a;0;0
sq0004;17400000;17400100;5;a;0;0
sq0004;17600000;17600100;0;a;0;0
sq0004;17800000;17800100;0;a;0;0
sq0004;18000000;18000100;0;a;0;0
sq0004;18200000;18200100;8;a;0;0
sq0004;18400000;18400100;0;a;0;0
sq0004;18600000;18600100;2;a;0;0
sq0004;18800000;18800100;0;a;0;0
sq0004;19000000;19000100;5;a;0;0
sq0004;19200000;19200100;0;a;0;0
sq0004;19400000;19400100;0;a;0;0
sq0004;19600000;19600100;2;a;0;0
sq0004;19800000;19800100;1;a;0;0
sq0004;20000000;20000100;4;a;0;0
sq0004;20200000;20200100;0;a;0;0
sq0004;20400000;20400100;0;a;0;0
sq0004;20600000;20600100;0;a;0;0
sq0004;20800000;20800100;1;a;0;0
sq0004;21000000;21000100;0;a;0;0
sq0004;21200000;21200100;5;a;0;0
sq0004;21400000;21400100;1;a;0;0
sq0004;21600000;21600100;3;a;0;0
sq0004;21800000;21800100;1;a;0;0
sq0004;22000000;22000100;0;a;0;0
sq0004;22200000;22200100;0;a;0;0
sq0004;22400000;22400100;0;a;0;0
sq0004;22600000;22600100;0;a;0;0
sq0004;22800000;22800100;3;a;0;0
sq0004;23000000;23000100;0;a;0;0
sq0004;23200000;23200100;1;a;0;0
sq0004;23400000;23400100;9;a;0;0
sq0004;23600000;23600100;6;a;0;0
sq0004;23800000;23800100;0;a;0;0
sq0004;24000000;24000100;6;a;0;0
sq0004;24200000;24200100;0;a;0;0
sq0004;24400000;24400100;22;a;0;0
sq0004;24600000;24600100;25;a;0;0
sq0004;24800000;24800100;1;a;0;0
sq0004;25000000;25000100;8;a;0;0
sq0004;25200000;25200100;1;a;0;0
sq0004;25400000;25400100;7;a;0;0
sq0004;25600000;25600100;4;a;0;0
sq0004;25800000;25800100;0;a;0;0
sq0004;26000000;26000100;1;a;0;0
sq0004;26200000;26200100;1;a;0;0
sq0004;26400000;26400100;27;a;0;0
sq0004;26600000;26600100;22;a;0;0
sq0004;26800000;26800100;7;a;0;0
sq0004;27000000;27000100;1;a;0;0
sq0004;27200000;27200100;3;a;0;0
sq0004;27400000;27400100;6;a;0;0
sq0004;27600000;27600100;3;a;0;0
sq0004;27800000;27800100;9;a;0;0
sq0004;28000000;28000100;27;a;0;0
sq0004;28200000;28200100;17;a;0;0
sq0004;28400000;28400100;11;a;0;0
sq0004;28600000;28600100;15;a;0;0
sq0004;28800000;28800100;10;a;0;0
sq0004;29000000;29000100;6;a;0;0
sq0004;29200000;29200100;9;a;0;0
sq0004;29400000;29400100;20;a;0;0
sq0004;29600000;29600100;3;a;0;0
sq0004;29800000;29800100;32;a;0;0
sq0004;30000000;30000100;16;a;0;0
sq0004;30200000;30200100;8;a;0;0
sq0004;30400000;30400100;16;a;0;0
sq0004;30600000;30600100;11;a;0;0
sq0004;30800000;30800100;0;a;0;0
sq0004;31000000;31000100;19;a;0;0
sq0004;31200000;31200100;7;a;0;0
sq0004;31400000;31400100;21;a;0;0
sq0004;31600000;31600100;16;a;0;0
sq0004;31800000;31800100;12;a;0;0
sq0004;32000000;32000100;4;a;0;0
sq0004;32200000;32200100;7;a;0;0
sq0004;32400000;32400100;19;a;0;0
sq0004;32600000;32600100;10;a;0;0
sq0004;32800000;32800100;19;a;0;0
sq0004;33000000;33000100;16;a;0;0
sq0004;33200000;33200100;9;a;0;0
sq0004;33400000;33400100;10;a;0;0
sq0004;33600000;33600100;8;a;0;0
sq0004;33800000;33800100;18;a;0;0
sq0004;34000000;34000100;11;a;0;0
sq0004;34200000;34200100;17;a;0;0
sq0004;34400000;34400100;21;a;0;0
sq0004;34600000;34600100;21;a;0;0
sq0004;34800000;34800100;34;a;0;0
sq0004;35000000;35000100;15;a;0;0
sq0004;35200000;35200100;22;a;0;0
sq0004;35400000;35400100;27;a;0;0
sq0004;35600000;35600100;21;a;0;0
sq0004;35800000;35800100;28;a;0;0
sq0004;36000000;36000100;10;a;0;0
sq0004;36200000;36200100;10;a;0;0
sq0004;36400000;36400100;17;a;0;0
sq0004;36600000;36600100;32;a;0;0
sq0004;36800000;36800100;20;a;0;0
sq0004;37000000;37000100;22;a;0;0
sq0004;37200000;37200100;4;a;0;0
sq0004;37400000;37400100;25;a;0;0
sq0004;37600000;37600100;21;a;0;0
sq0004;37800000;37800100;5;a;0;0
sq0004;38000000;38000100;16;a;0;0
sq0004;38200000;38200100;36;a;0;0
sq0004;38400000;38400100;15;a;0;0
sq0004;38600000;38600100;37;a;0;0
sq0004;38800000;38800100;24;a;0;0
sq0004;39000000;39000100;48;a;0;0
sq0004;39200000;39200100;38;a;0;0
sq0004;39400000;39400100;36;a;0;0
sq0004;39600000;39600100;27;a;0;0
sq0004;39800000;39800100;24;a;0;0
sq0004;40000000;40000100;38;a;0;0
sq0004;40200000;40200100;15;a;0;0
sq0004;40400000;40400100;24;a;0;0
sq0004;40600000;40600100;24;a;0;0
sq0004;40800000;40800100;35;a;0;0
sq0004;41000000;41000100;33;a;0;0
sq0004;41200000;41200100;14;a;0;0
sq0004;41400000;41400100;22;a;0;0
sq0004;41600000;41600100;13;a;0;0
sq0004;41800000;41800100;40;a;0;0
sq0004;42000000;42000100;41;a;0;0
sq0004;42200000;42200100;34;a;0;0
sq0004;42400000;42400100;19;a;0;0
sq0004;42600000;42600100;20;a;0;0
sq0004;42800000;42800100;26;a;0;0
sq0004;43000000;43000100;38;a;0;0
sq0004;43200000;43200100;38;a;0;0
sq0004;43400000;43400100;37;a;0;0
sq0004;43600000;43600100;32;a;0;0
sq0004;43800000;43800100;28;a;0;0
sq0004;44000000;44000100;20;a;0;0
sq0004;44200000;44200100;19;a;0;0
sq0004;44400000;44400100;14;a;0;0
sq0004;44600000;44600100;35;a;0;0
sq0004;44800000;44800100;31;a;0;0
sq0004;45000000;45000100;12;a;0;0
sq0004;45200000;45200100;18;a;0;0
sq0004;45400000;45400100;29;a;0;0
sq0004;45600000;45600100;35;a;0;0
sq0004;45800000;45800100;27;a;0;0
sq0004;46000000;46000100;36;a;0;0
sq0004;46200000;46200100;46;a;0;0
sq0004;46400000;46400100;20;a;0;0
sq0004;46600000;46600100;14;a;0;0
sq0004;46800000;46800100;14;a;0;0
sq0004;47000000;47000100;26;a;0;0
sq0004;47200000;47200100;19;a;0;0
sq0004;47400000;47400100;16;a;0;0
sq0004;47600000;47600100;16;a;0;0
sq0004;47800000;47800100;23;a;0;0
sq0004;48000000;48000100;31;a;0;0
sq0004;48200000;48200100;26;a;0;0
sq0004;48400000;48400100;33;a;0;0
sq0004;48600000;48600100;27;a;0;0
sq0004;48800000;48800100;21;a;0;0
sq0004;49000000;49000100;8;a;0;0
sq0004;49200000;49200100;24;a;0;0
sq0004;49400000;49400100;10;a;0;0
sq0004;49600000;49600100;16;a;0;0
sq0004;49800000;49800100;29;a;0;0
sq0004;50000000;50000100;6;a;0;0
sq0004;50200000;50200100;9;a;0;0
sq0004;50400000;50400100;22;a;0;0
sq0004;50600000;50600100;9;a;0;0
sq0004;50800000;50800100;11;a;0;0
sq0004;51000000;51000100;1;a;0;0
sq0004;51200000;51200100;8;a;0;0
sq0004;51400000;51400100;14;a;0;0
sq0004;51600000;51600100;17;a;0;0
sq0004;51800000;51800100;26;a;0;0
sq0004;52000000;52000100;18;a;0;0
sq0004;52200000;52200100;27;a;0;0
sq0004;52400000;52400100;29;a;0;0
sq0004;52600000;52600100;15;a;0;0
sq0004;52800000;52800100;25;a;0;0
sq0004;53000000;53000100;23;a;0;0
sq0004;53200000;53200100;7;a;0;0
sq0004;53400000;53400100;19;a;0;0
sq0004;53600000;53600100;6;a;0;0
sq0004;53800000;53800100;11;a;0;0
sq0004;54000000;54000100;18;a;0;0
sq0004;54200000;54200100;9;a;0;0
sq0004;54400000;54400100;2;a;0;0
sq0004;54600000;54600100;4;a;0;0
sq0004;54800000;54800100;8;a;0;0
sq0004;55000000;55000100;0;a;0;0
sq0004;55200000;55200100;12;a;0;0
sq0004;55400000;55400100;4;a;0;0
sq0004;55600000;55600100;11;a;0;0
sq0004;55800000;55800100;5;a;0;0
sq0004;56000000;56000100;6;a;0;0
sq0004;56200000;56200100;1;a;0;0
sq0004;56400000;56400100;9;a;0;0
sq0004;56600000;56600100;8;a;0;0
sq0004;56800000;56800100;1;a;0;0
sq0004;57000000;57000100;5;a;0;0
sq0004;57200000;57200100;5;a;0;0
sq0004;57400000;57400100;9;a;0;0
sq0004;57600000;57600100;10;a;0;0
sq0004;57800000;57800100;5;a;0;0
sq0004;58000000;58000100;5;a;0;0
sq0004;58200000;58200100;2;a;0;0
sq0004;58400000;58400100;10;a;0;0
sq0004;58600000;58600100;0;a;0;0
sq0004;58800000;58800100;12;a;0;0
sq0004;59000000;59000100;10;a;0;0
sq0004;59200000;59200100;0;a;0;0
sq0004;59400000;59400100;0;a;0;0
sq0004;59600000;59600100;0;a;0;0
sq0004;59800000;59800100;2;a;0;0
sq0004;60000000;60000100;8;a;0;0
sq0004;60200000;60200100;0;a;0;0
sq0004;60400000;60400100;3;a;0;0
sq0004;60600000;60600100;3;a;0;0
sq0004;60800000;60800100;4;a;0;0
sq0004;61000000;61000100;6;a;0;0
sq0004;61200000;61200100;0;a;0;0
sq0004;61400000;61400100;0;a;0;0
sq0004;61600000;61600100;5;a;0;0
sq0004;61800000;61800100;0;a;0;0
sq0004;62000000;62000100;2;a;0;0
sq0004;62200000;62200100;0;a;0;0
sq0004;62400000;62400100;3;a;0;0
sq0004;62600000;62600100;0;a;0;0
sq0004;62800000;62800100;2;a;0;0
sq0004;63000000;63000100;0;a;0;0
sq0004;63200000;63200100;0;a;0;0
sq0004;63400000;63400100;0;a;0;0
sq0004;63600000;63600100;0;a;0;0
sq0004;63800000;63800100;0;a;0;0
sq0004;64000000;64000100;0;a;0;0
sq0004;64200000;64200100;0;a;0;0
sq0004;64400000;64400100;4;a;0;0
sq0004;64600000;64600100;0;a;0;0
sq0006;0;100;0;a;0;0
sq0006;200000;200100;0;a;0;0
sq0006;400000;400100;0;a;0;0
sq0006;600000;600100;0;a;0;0
sq0006;800000;800100;0;a;0;0
sq0006;1000000;1000100;0;a;0;0
sq0006;1200000;1200100;0;a;0;0
sq0006;1400000;1400100;0;a;0;0
sq0006;1600000;1600100;0;a;0;0
sq0006;1800000;1800100;0;a;0;0
sq0006;2000000;2000100;0;a;0;0
sq0006;2200000;2200100;5;a;0;0
sq0006;2400000;2400100;3;a;0;0
sq0006;2600000;2600100;0;a;0;0
sq0006;2800000;2800100;0;a;0;0
sq0006;3000000;3000100;0;a;0;0
sq0006;3200000;3200100;0;a;0;0
sq0006;3400000;3400100;1;a;0;0
sq0006;3600000;3600100;0;a;0;0
sq0006;3800000;3800100;3;a;0;0
sq0006;4000000;4000100;0;a;0;0
sq0006;4200000;4200100;7;a;0;0
sq0006;4400000;4400100;2;a;0;0
sq0006;4600000;4600100;0;a;0;0
sq0006;4800000;4800100;2;a;0;0
sq0006;5000000;5000100;0;a;0;0
sq0006;5200000;5200100;0;a;0;0
sq0006;5400000;5400100;3;a;0;0
sq0006;5600000;5600100;0;a;0;0
sq0006;5800000;5800100;0;a;0;0
sq0006;6000000;6000100;10;a;0;0
sq0006;6200000;6200100;8;a;0;0
sq0006;6400000;6400100;1;a;0;0
sq0006;6600000;6600100;1;a;0;0
sq0006;6800000;6800100;7;a;0;0
sq0006;7000000;7000100;2;a;0;0
sq0006;7200000;7200100;5;a;0;0
sq0006;7400000;7400100;6;a;0;0
sq0006;7600000;7600100;9;a;0;0
sq0006;7800000;7800100;5;a;0;0
sq0006;8000000;8000100;8;a;0;0
sq0006;8200000;8200100;12;a;0;0
sq0006;8400000;8400100;0;a;0;0
sq0006;8600000;8600100;1;a;0;0
sq0006;8800000;8800100;13;a;0;0
sq0006;9000000;9000100;8;a;0;0
sq0006;9200000;9200100;14;a;0;0
sq0006;9400000;9400100;16;a;0;0
sq0006;9600000;9600100;1;a;0;0
sq0006;9800000;9800100;8;a;0;0
sq0006;10000000;10000100;1;a;0;0
sq0006;10200000;10200100;16;a;0;0
sq0006;10400000;10400100;21;a;0;0
sq0006;10600000;10600100;15;a;0;0
sq0006;10800000;10800100;9;a;0;0
sq0006;11000000;11000100;19;a;0;0
sq0006;11200000;11200100;3;a;0;0
sq0006;11400000;11400100;11;a;0;0
sq0006;11600000;11600100;12;a;0;0
sq0006;11800000;11800100;8;a;0;0
sq0006;12000000;12000100;14;a;0;0
sq0006;12200000;12200100;10;a;0;0
sq0006;12400000;12400100;2;a;0;0
sq0006;12600000;12600100;5;a;0;0
sq0006;12800000;12800100;6;a;0;0
sq0006;13000000;13000100;5;a;0;0
sq0006;13200000;13200100;11;a;0;0
sq0006;13400000;13400100;3;a;0;0
sq0006;13600000;13600100;20;a;0;0
sq0006;13800000;13800100;8;a;0;0
sq0006;14000000;14000100;0;a;0;0
sq0006;14200000;14200100;7;a;0;0
sq0006;14400000;14400100;7;a;0;0
sq0006;14600000;14600100;8;a;0;0
sq0006;14800000;14800100;8;a;0;0
sq0006;15000000;15000100;9;a;0;0
sq0006;15200000;15200100;10;a;0;0
sq0006;15400000;15400100;25;a;0;0
sq0006;15600000;15600100;17;a;0;0
sq0006;15800000;15800100;4;a;0;0
sq0006;16000000;16000100;28;a;0;0
sq0006;16200000;16200100;27;a;0;0
sq0006;16400000;16400100;16;a;0;0
sq0006;16600000;16600100;7;a;0;0
sq0006;16800000;16800100;12;a;0;0
sq0006;17000000;17000100;32;a;0;0
sq0006;17200000;17200100;21;a;0;0
sq0006;17400000;17400100;18;a;0;0
sq0006;17600000;17600100;19;a;0;0
sq0006;17800000;17800100;8;a;0;0
sq0006;18000000;18000100;4;a;0;0
sq0006;18200000;18200100;14;a;0;0
sq0006;18400000;18400100;12;a;0;0
sq0006;18600000;18600100;31;a;0;0
sq0006;18800000;18800100;22;a;0;0
sq0006;19000000;19000100;18;a;0;0
sq0006;19200000;19200100;16;a;0;0
sq0006;19400000;19400100;46;a;0;0
sq0006;19600000;19600100;29;a;0;0
sq0006;19800000;19800100;32;a;0;0
sq0006;20000000;20000100;14;a;0;0
sq0006;20200000;20200100;46;a;0;0
sq0006;20400000;20400100;34;a;0;0
sq0006;20600000;20600100;41;a;0;0
sq0006;20800000;20800100;24;a;0;0
sq0006;21000000;21000100;20;a;0;0
sq0006;21200000;21200100;26;a;0;0
sq0006;21400000;21400100;17;a;0;0
sq0006;21600000;21600100;44;a;0;0
sq0006;21800000;21800100;43;a;0;0
sq0006;22000000;22000100;39;a;0;0
sq0006;22200000;22200100;40;a;0;0
sq0006;22400000;22400100;34;a;0;0
sq0006;22600000;22600100;30;a;0;0
sq0006;22800000;22800100;58;a;0;0
sq0006;23000000;23000100;19;a;0;0
sq0006;23200000;23200100;27;a;0;0
sq0006;23400000;23400100;50;a;0;0
sq0006;23600000;23600100;21;a;0;0
sq0006;23800000;23800100;30;a;0;0
sq0006;24000000;24000100;23;a;0;0
sq0006;24200000;24200100;43;a;0;0
sq0006;24400000;24400100;20;a;0;0
sq0006;24600000;24600100;20;a;0;0
sq0006;24800000;24800100;26;a;0;0
sq0006;25000000;25000100;17;a;0;0
sq0006;25200000;25200100;14;a;0;0
sq0006;25400000;25400100;15;a;0;0
sq0006;25600000;25600100;3;a;0;0
sq0006;25800000;25800100;28;a;0;0
sq0006;26000000;26000100;18;a;0;0
sq0006;26200000;26200100;6;a;0;0
sq0006;26400000;26400100;17;a;0;0
sq0006;26600000;26600100;17;a;0;0
sq0006;26800000;26800100;22;a;0;0
sq0006;27000000;27000100;33;a;0;0
sq0006;27200000;27200100;11;a;0;0
sq0006;27400000;27400100;15;a;0;0
sq0006;27600000;27600100;23;a;0;0
sq0006;27800000;27800100;20;a;0;0
sq0006;28000000;28000100;39;a;0;0
sq0006;28200000;28200100;10;a;0;0
sq0006;28400000;28400100;0;a;0;0
sq0006;28600000;28600100;20;a;0;0
sq0006;28800000;28800100;14;a;0;0
sq0006;29000000;29000100;14;a;0;0
sq0006;29200000;29200100;12;a;0;0
sq0006;29400000;29400100;12;a;0;0
sq0006;29600000;29600100;11;a;0;0
sq0006;29800000;29800100;40;a;0;0
sq0006;30000000;30000100;10;a;0;0
sq0006;30200000;30200100;4;a;0;0
sq0006;30400000;30400100;25;a;0;0
sq0006;30600000;30600100;10;a;0;0
sq0006;30800000;30800100;32;a;0;0
sq0006;31000000;31000100;16;a;0;0
sq0006;31200000;31200100;15;a;0;0
sq0006;31400000;31400100;17;a;0;0
sq0006;31600000;31600100;21;a;0;0
sq0006;31800000;31800100;11;a;0;0
sq0006;32000000;32000100;18;a;0;0
sq0006;32200000;32200100;12;a;0;0
sq0006;32400000;32400100;16;a;0;0
sq0006;32600000;32600100;14;a;0;0
sq0006;32800000;32800100;8;a;0;0
sq0006;33000000;33000100;6;a;0;0
sq0006;33200000;33200100;6;a;0;0
sq0006;33400000;33400100;2;a;0;0
sq0006;33600000;33600100;12;a;0;0
sq0006;33800000;33800100;0;a;0;0
sq0006;34000000;34000100;3;a;0;0
sq0006;34200000;34200100;0;a;0;0
sq0006;34400000;34400100;2;a;0;0
sq0006;34600000;34600100;18;a;0;0
sq0006;34800000;34800100;13;a;0;0
sq0006;35000000;35000100;22;a;0;0
sq0006;35200000;35200100;11;a;0;0
sq0006;35400000;35400100;2;a;0;0
sq0006;35600000;35600100;9;a;0;0
sq0006;35800000;35800100;0;a;0;0
sq0006;36000000;36000100;1;a;0;0
sq0006;36200000;36200100;0;a;0;0
sq0006;36400000;36400100;2;a;0;0
sq0006;36600000;36600100;12;a;0;0
sq0006;36800000;36800100;6;a;0;0
sq0006;37000000;37000100;1;a;0;0
sq0008;0;100;0;a;0;0
sq0008;200000;200100;0;a;0;0
sq0008;400000;400100;0;a;0;0
sq0008;600000;600100;0;a;0;0
sq0008;800000;800100;0;a;0;0
sq0008;1000000;1000100;4;a;0;0
sq0008;1200000;1200100;0;a;0;0
sq0008;1400000;1400100;0;a;0;0
sq0008;1600000;1600100;2;a;0;0
sq0008;1800000;1800100;0;a;0;0
sq0008;2000000;2000100;2;a;0;0
sq0008;2200000;2200100;5;a;0;0
sq0008;2400000;2400100;0;a;0;0
sq0008;2600000;2600100;2;a;0;0
sq0008;2800000;2800100;0;a;0;0
sq0008;3000000;3000100;0;a;0;0
sq0008;3200000;3200100;2;a;0;0
sq0008;3400000;3400100;0;a;0;0
sq0008;3600000;3600100;1;a;0;0
sq0008;3800000;3800100;0;a;0;0
sq0008;4000000;4000100;0;a;0;0
sq0008;4200000;4200100;0;a;0;0
sq0008;4400000;4400100;2;a;0;0
sq0008;4600000;4600100;0;a;0;0
sq0008;4800000;4800100;2;a;0;0
sq0008;5000000;5000100;0;a;0;0
sq0008;5200000;5200100;2;a;0;0
sq0008;5400000;5400100;0;a;0;0
sq0008;5600000;5600100;0;a;0;0
sq0008;5800000;5800100;16;a;0;0
sq0008;6000000;6000100;0;a;0;0
sq0008;6200000;6200100;9;a;0;0
sq0008;6400000;6400100;0;a;0;0
sq0008;6600000;6600100;6;a;0;0
sq0008;6800000;6800100;6;a;0;0
sq0008;7000000;7000100;0;a;0;0
sq0008;7200000;7200100;3;a;0;0
sq0008;7400000;7400100;4;a;0;0
sq0008;7600000;7600100;0;a;0;0
sq0008;7800000;7800100;1;a;0;0
sq0008;8000000;8000100;0;a;0;0
sq0008;8200000;8200100;0;a;0;0
sq0008;8400000;8400100;0;a;0;0
sq0008;8600000;8600100;0;a;0;0
sq0008;8800000;8800100;3;a;0;0
sq0008;9000000;9000100;0;a;0;0
sq0008;9200000;9200100;23;a;0;0
sq0008;9400000;9400100;11;a;0;0
sq0008;9600000;9600100;25;a;0;0
sq0008;9800000;9800100;0;a;0;0
sq0008;10000000;10000100;2;a;0;0
sq0008;10200000;10200100;17;a;0;0
sq0008;10400000;10400100;0;a;0;0
sq0008;10600000;10600100;6;a;0;0
sq0008;10800000;10800100;4;a;0;0
sq0008;11000000;11000100;2;a;0;0
sq0008;11200000;11200100;1;a;0;0
sq0008;11400000;11400100;6;a;0;0
sq0008;11600000;11600100;5;a;0;0
sq0008;11800000;11800100;18;a;0;0
sq0008;12000000;12000100;8;a;0;0
sq0008;12200000;12200100;0;a;0;0
sq0008;12400000;12400100;0;a;0;0
sq0008;12600000;12600100;4;a;0;0
sq0008;12800000;12800100;8;a;0;0
sq0008;13000000;13000100;2;a;0;0
sq0008;13200000;13200100;10;a;0;0
sq0008;13400000;13400100;8;a;0;0
sq0008;13600000;13600100;15;a;0;0
sq0008;13800000;13800100;3;a;0;0
sq0008;14000000;14000100;22;a;0;0
sq0008;14200000;14200100;22;a;0;0
sq0008;14400000;14400100;1;a;0;0
sq0008;14600000;14600100;9;a;0;0
sq0008;14800000;14800100;12;a;0;0
sq0008;15000000;15000100;23;a;0;0
sq0008;15200000;15200100;26;a;0;0
sq0008;15400000;15400100;14;a;0;0
sq0008;15600000;15600100;38;a;0;0
sq0008;15800000;15800100;14;a;0;0
sq0008;16000000;16000100;10;a;0;0
sq0008;16200000;16200100;17;a;0;0
sq0008;16400000;16400100;10;a;0;0
sq0008;16600000;16600100;24;a;0;0
sq0008;16800000;16800100;28;a;0;0
sq0008;17000000;17000100;14;a;0;0
sq0008;17200000;17200100;8;a;0;0
sq0008;17400000;17400100;26;a;0;0
sq0008;17600000;17600100;33;a;0;0
sq0008;17800000;17800100;21;a;0;0
sq0008;18000000;18000100;25;a;0;0
sq0008;18200000;18200100;17;a;0;0
sq0008;18400000;18400100;25;a;0;0
sq0008;18600000;18600100;11;a;0;0
sq0008;18800000;18800100;22;a;0;0
sq0008;19000000;19000100;6;a;0;0
sq0008;19200000;19200100;36;a;0;0
sq0008;19400000;19400100;14;a;0;0
sq0008;19600000;19600100;18;a;0;0
sq0008;19800000;19800100;29;a;0;0
sq0008;20000000;20000100;30;a;0;0
sq0008;20200000;20200100;23;a;0;0
sq0008;20400000;20400100;31;a;0;0
sq0008;20600000;20600100;23;a;0;0
sq0008;20800000;20800100;38;a;0;0
sq0008;21000000;21000100;35;a;0;0
sq0008;21200000;21200100;30;a;0;0
sq0008;21400000;21400100;20;a;0;0
sq0008;21600000;21600100;21;a;0;0
sq0008;21800000;21800100;36;a;0;0
sq0008;22000000;22000100;24;a;0;0
sq0008;22200000;22200100;23;a;0;0
sq0008;22400000;22400100;36;a;0;0
sq0008;22600000;22600100;35;a;0;0
sq0008;22800000;22800100;31;a;0;0
sq0008;23000000;23000100;32;a;0;0
sq0008;23200000;23200100;20;a;0;0
sq0008;23400000;23400100;23;a;0;0
sq0008;23600000;23600100;18;a;0;0
sq0008;23800000;23800100;12;a;0;0
sq0008;24000000;24000100;16;a;0;0
sq0008;24200000;24200100;16;a;0;0
sq0008;24400000;24400100;23;a;0;0
sq0008;24600000;24600100;35;a;0;0
sq0008;24800000;24800100;20;a;0;0
sq0008;25000000;25000100;26;a;0;0
sq0008;25200000;25200100;41;a;0;0
sq0008;25400000;25400100;24;a;0;0
sq0008;25600000;25600100;30;a;0;0
sq0008;25800000;25800100;16;a;0;0
sq0008;26000000;26000100;18;a;0;0
sq0008;26200000;26200100;26;a;0;0
sq0008;26400000;26400100;24;a;0;0
sq0008;26600000;26600100;3;a;0;0
sq0008;26800000;26800100;12;a;0;0
sq0008;27000000;27000100;27;a;0;0
sq0008;27200000;27200100;10;a;0;0
sq0008;27400000;27400100;9;a;0;0
sq0008;27600000;27600100;8;a;0;0
sq0008;27800000;27800100;20;a;0;0
sq0008;28000000;28000100;0;a;0;0
sq0008;28200000;28200100;18;a;0;0
sq0008;28400000;28400100;4;a;0;0
sq0008;28600000;28600100;11;a;0;0
sq0008;28800000;28800100;18;a;0;0
sq0008;29000000;29000100;33;a;0;0
sq0008;29200000;29200100;7;a;0;0
sq0008;29400000;29400100;7;a;0;0
sq0008;29600000;29600100;6;a;0;0
sq0008;29800000;29800100;15;a;0;0
sq0008;30000000;30000100;17;a;0;0
sq0008;30200000;30200100;4;a;0;0
sq0008;30400000;30400100;17;a;0;0
sq0008;30600000;30600100;24;a;0;0
sq0008;30800000;30800100;25;a;0;0
sq0008;31000000;31000100;3;a;0;0
sq0008;31200000;31200100;2;a;0;0
sq0008;31400000;31400100;7;a;0;0
sq0008;31600000;31600100;17;a;0;0
sq0008;31800000;31800100;10;a;0;0
sq0008;32000000;32000100;6;a;0;0
sq0008;32200000;32200100;12;a;0;0
sq0008;32400000;32400100;5;a;0;0
sq0008;32600000;32600100;6;a;0;0
sq0008;32800000;32800100;0;a;0;0
sq0008;33000000;33000100;7;a;0;0
sq0008;33200000;33200100;0;a;0;0
sq0008;33400000;33400100;7;a;0;0
sq0008;33600000;33600100;0;a;0;0
sq0008;33800000;33800100;0;a;0;0
sq0010;0;100;0;a;0;0
sq0010;200000;200100;2;a;0;0
sq0010;400000;400100;10;a;0;0
sq0010;600000;600100;8;a;0;0
sq0010;800000;800100;5;a;0;0
sq0010;1000000;1000100;2;a;0;0
sq0010;1200000;1200100;19;a;0;0
sq0010;1400000;1400100;12;a;0;0
sq0010;1600000;1600100;1;a;0;0
sq0010;1800000;1800100;1;a;0;0
sq0010;2000000;2000100;22;a;0;0
sq0010;2200000;2200100;2;a;0;0
sq0010;2400000;2400100;1;a;0;0
sq0010;2600000;2600100;11;a;0;0
sq0010;2800000;2800100;14;a;0;0
sq0010;3000000;3000100;1;a;0;0
sq0010;3200000;3200100;8;a;0;0
sq0010;3400000;3400100;0;a;0;0
sq0010;3600000;3600100;3;a;0;0
sq0010;3800000;3800100;5;a;0;0
sq0010;4000000;4000100;19;a;0;0
sq0010;4200000;4200100;18;a;0;0
sq0010;4400000;4400100;2;a;0;0
sq0010;4600000;4600100;7;a;0;0
sq0010;4800000;4800100;15;a;0;0
sq0010;5000000;5000100;8;a;0;0
sq0010;5200000;5200100;20;a;0;0
sq0010;5400000;5400100;6;a;0;0
sq0010;5600000;5600100;31;a;0;0
sq0010;5800000;5800100;27;a;0;0
sq0010;6000000;6000100;13;a;0;0
sq0010;6200000;6200100;18;a;0;0
sq0010;6400000;6400100;23;a;0;0
sq0010;6600000;6600100;20;a;0;0
sq0010;6800000;6800100;13;a;0;0
sq0010;7000000;7000100;37;a;0;0
sq0010;7200000;7200100;29;a;0;0
sq0010;7400000;7400100;9;a;0;0
sq0010;7600000;7600100;8;a;0;0
sq0010;7800000;7800100;20;a;0;0
sq0010;8000000;8000100;21;a;0;0
sq0010;8200000;8200100;19;a;0;0
sq0010;8400000;8400100;10;a;0;0
sq0010;8600000;8600100;17;a;0;0
sq0010;8800000;8800100;28;a;0;0
sq0010;9000000;9000100;24;a;0;0
sq0010;9200000;9200100;15;a;0;0
sq0010;9400000;9400100;19;a;0;0
sq0010;9600000;9600100;16;a;0;0
sq0010;9800000;9800100;23;a;0;0
sq0010;10000000;10000100;12;a;0;0
sq0010;10200000;10200100;4;a;0;0
sq0010;10400000;10400100;28;a;0;0
sq0010;10600000;10600100;15;a;0;0
sq0010;10800000;10800100;5;a;0;0
sq0010;11000000;11000100;29;a;0;0
sq0010;11200000;11200100;29;a;0;0
sq0010;11400000;11400100;17;a;0;0
sq0010;11600000;11600100;22;a;0;0
sq0010;11800000;11800100;25;a;0;0
sq0010;12000000;12000100;14;a;0;0
sq0010;12200000;12200100;22;a;0;0
sq0010;12400000;12400100;19;a;0;0
sq0010;12600000;12600100;8;a;0;0
sq0010;12800000;12800100;30;a;0;0
sq0010;13000000;13000100;7;a;0;0
sq0010;13200000;13200100;30;a;0;0
sq0010;13400000;13400100;22;a;0;0
sq0010;13600000;13600100;28;a;0;0
sq0010;13800000;13800100;33;a;0;0
sq0010;14000000;14000100;21;a;0;0
sq0010;14200000;14200100;31;a;0;0
sq0010;14400000;14400100;21;a;0;0
sq0010;14600000;14600100;23;a;0;0
sq0010;14800000;14800100;32;a;0;0
sq0010;15000000;15000100;39;a;0;0
sq0010;15200000;15200100;36;a;0;0
sq0010;15400000;15400100;28;a;0;0
sq0010;15600000;15600100;30;a;0;0
sq0010;15800000;15800100;28;a;0;0
sq0010;16000000;16000100;30;a;0;0
sq0010;16200000;16200100;31;a;0;0
sq0010;16400000;16400100;16;a;0;0
sq0010;16600000;16600100;42;a;0;0
sq0010;16800000;16800100;25;a;0;0
sq0010;17000000;17000100;23;a;0;0
sq0010;17200000;17200100;14;a;0;0
sq0010;17400000;17400100;28;a;0;0
sq0010;17600000;17600100;5;a;0;0
sq0010;17800000;17800100;3;a;0;0
sq0010;18000000;18000100;18;a;0;0
sq0010;18200000;18200100;8;a;0;0
sq0010;18400000;18400100;20;a;0;0
sq0010;18600000;18600100;5;a;0;0
sq0010;18800000;18800100;10;a;0;0
sq0010;19000000;19000100;25;a;0;0
sq0010;19200000;19200100;18;a;0;0
sq0010;19400000;19400100;14;a;0;0
sq0010;19600000;19600100;14;a;0;0
sq0010;19800000;19800100;15;a;0;0
sq0010;20000000;20000100;5;a;0;0
sq0010;20200000;20200100;18;a;0;0
sq0010;20400000;20400100;11;a;0;0
sq0010;20600000;20600100;13;a;0;0
sq0010;20800000;20800100;21;a;0;0
sq0010;21000000;21000100;22;a;0;0
sq0010;21200000;21200100;11;a;0;0
sq0010;21400000;21400100;15;a;0;0
sq0010;21600000;21600100;10;a;0;0
sq0010;21800000;21800100;24;a;0;0
sq0010;22000000;22000100;14;a;0;0
sq0010;22200000;22200100;23;a;0;0
sq0010;22400000;22400100;1;a;0;0
sq0010;22600000;22600100;3;a;0;0
sq0010;22800000;22800100;7;a;0;0
sq0010;23000000;23000100;5;a;0;0
sq0010;23200000;23200100;1;a;0;0
sq0010;23400000;23400100;14;a;0;0
sq0010;23600000;23600100;22;a;0;0
sq0010;23800000;23800100;11;a;0;0
sq0010;24000000;24000100;8;a;0;0
sq0010;24200000;24200100;23;a;0;0
sq0010;24400000;24400100;40;a;0;0
sq0010;24600000;24600100;12;a;0;0
sq0010;24800000;24800100;19;a;0;0
sq0010;25000000;25000100;13;a;0;0
sq0010;25200000;25200100;4;a;0;0
sq0010;25400000;25400100;15;a;0;0
sq0010;25600000;25600100;35;a;0;0
sq0010;25800000;25800100;6;a;0;0
sq0010;26000000;26000100;15;a;0;0
sq0010;26200000;26200100;0;a;0;0
sq0010;26400000;26400100;5;a;0;0
sq0010;26600000;26600100;14;a;0;0
sq0010;26800000;26800100;7;a;0;0
sq0010;27000000;27000100;29;a;0;0
sq0010;27200000;27200100;17;a;0;0
sq0010;27400000;27400100;12;a;0;0
sq0010;27600000;27600100;6;a;0;0
sq0010;27800000;27800100;5;a;0;0
sq0010;28000000;28000100;13;a;0;0
sq0010;28200000;28200100;1;a;0;0
sq0010;28400000;28400100;12;a;0;0
sq0010;28600000;28600100;22;a;0;0
sq0010;28800000;28800100;7;a;0;0
sq0010;29000000;29000100;3;a;0;0
sq0010;29200000;29200100;0;a;0;0
sq0010;29400000;29400100;0;a;0;0
sq0010;29600000;29600100;1;a;0;0
sq0010;29800000;29800100;0;a;0;0
sq0010;30000000;30000100;6;a;0;0
sq0010;30200000;30200100;2;a;0;0
sq0010;30400000;30400100;1;a;0;0
sq0010;30600000;30600100;2;a;0;0
sq0010;30800000;30800100;0;a;0;0
sq0010;31000000;31000100;3;a;0;0
sq0010;31200000;31200100;1;a;0;0
sq0010;31400000;31400100;19;a;0;0
sq0010;31600000;31600100;3;a;0;0
sq0010;31800000;31800100;0;a;0;0
sq0010;32000000;32000100;1;a;0;0
sq0010;32200000;32200100;4;a;0;0
sq0010;32400000;32400100;10;a;0;0
sq0010;32600000;32600100;0;a;0;0
sq0010;32800000;32800100;5;a;0;0
sq0010;33000000;33000100;0;a;0;0
sq0010;33200000;33200100;0;a;0;0
sq0010;33400000;33400100;2;a;0;0
sq0010;33600000;33600100;0;a;0;0
sq0010;33800000;33800100;0;a;0;0
sq0010;34000000;34000100;5;a;0;0
sq0010;34200000;34200100;1;a;0;0
sq0010;34400000;34400100;0;a;0;0
sq0010;34600000;34600100;0;a;0;0
sq0010;34800000;34800100;0;a;0;0
sq0010;35000000;35000100;0;a;0;0
sq0010;35200000;35200100;4;a;0;0
sq0010;35400000;35400100;1;a;0;0
sq0010;35600000;35600100;5;a;0;0
sq0010;35800000;35800100;9;a;0;0
sq0010;36000000;36000100;1;a;0;0
sq0010;36200000;36200100;0;a;0;0
sq0010;36400000;36400100;0;a;0;0
sq0010;36600000;36600100;1;a;0;0
sq0010;36800000;36800100;0;a;0;0
sq0010;37000000;37000100;3;a;0;0
sq0010;37200000;37200100;0;a;0;0
sq0010;37400000;37400100;0;a;0;0
sq0010;37600000;37600100;0;a;0;0
sq0010;37800000;37800100;4;a;0;0
sq0010;38000000;38000100;0;a;0;0
sq0012;0;100;0;a;0;0
sq0012;200000;200100;0;a;0;0
sq0012;400000;400100;1;a;0;0
sq0012;600000;600100;1;a;0;0
sq0012;800000;800100;1;a;0;0
sq0012;1000000;1000100;2;a;0;0
sq0012;1200000;1200100;0;a;0;0
sq0012;1400000;1400100;0;a;0;0
sq0012;1600000;1600100;1;a;0;0
sq0012;1800000;1800100;0;a;0;0
sq0012;2000000;2000100;0;a;0;0
sq0012;2200000;2200100;0;a;0;0
sq0012;2400000;2400100;0;a;0;0
sq0012;2600000;2600100;0;a;0;0
sq0012;2800000;2800100;5;a;0;0
sq0012;3000000;3000100;0;a;0;0
sq0012;3200000;3200100;0;a;0;0
sq0012;3400000;3400100;1;a;0;0
sq0012;3600000;3600100;4;a;0;0
sq0012;3800000;3800100;4;a;0;0
sq0012;4000000;4000100;2;a;0;0
sq0012;4200000;4200100;0;a;0;0
sq0012;4400000;4400100;2;a;0;0
sq0012;4600000;4600100;1;a;0;0
sq0012;4800000;4800100;1;a;0;0
sq0012;5000000;5000100;0;a;0;0
sq0012;5200000;5200100;0;a;0;0
sq0012;5400000;5400100;1;a;0;0
sq0012;5600000;5600100;0;a;0;0
sq0012;5800000;5800100;0;a;0;0
sq0012;6000000;6000100;7;a;0;0
sq0012;6200000;6200100;0;a;0;0
sq0012;6400000;6400100;0;a;0;0
sq0012;6600000;6600100;0;a;0;0
sq0012;6800000;6800100;0;a;0;0
sq0012;7000000;7000100;0;a;0;0
sq0012;7200000;7200100;0;a;0;0
sq0012;7400000;7400100;1;a;0;0
sq0012;7600000;7600100;1;a;0;0
sq0012;7800000;7800100;5;a;0;0
sq0012;8000000;8000100;3;a;0;0
sq0012;8200000;8200100;5;a;0;0
sq0012;8400000;8400100;1;a;0;0
sq0012;8600000;8600100;0;a;0;0
sq0012;8800000;8800100;0;a;0;0
sq0012;9000000;9000100;1;a;0;0
sq0012;9200000;9200100;0;a;0;0
sq0012;9400000;9400100;0;a;0;0
sq0012;9600000;9600100;1;a;0;0
sq0012;9800000;9800100;3;a;0;0
sq0012;10000000;10000100;0;a;0;0
sq0012;10200000;10200100;1;a;0;0
sq0012;10400000;10400100;0;a;0;0
sq0012;10600000;10600100;0;a;0;0
sq0012;10800000;10800100;0;a;0;0
sq0012;11000000;11000100;1;a;0;0
sq0012;11200000;11200100;11;a;0;0
sq0012;11400000;11400100;0;a;0;0
sq0012;11600000;11600100;0;a;0;0
sq0012;11800000;11800100;0;a;0;0
sq0012;12000000;12000100;5;a;0;0
sq0012;12200000;12200100;6;a;0;0
sq0012;12400000;12400100;1;a;0;0
sq0012;12600000;12600100;4;a;0;0
sq0012;12800000;12800100;1;a;0;0
sq0012;13000000;13000100;0;a;0;0
sq0012;13200000;13200100;2;a;0;0
sq0012;13400000;13400100;9;a;0;0
sq0012;13600000;13600100;9;a;0;0
sq0012;13800000;13800100;1;a;0;0
sq0012;14000000;14000100;0;a;0;0
sq0012;14200000;14200100;14;a;0;0
sq0012;14400000;14400100;5;a;0;0
sq0012;14600000;14600100;0;a;0;0
sq0012;14800000;14800100;0;a;0;0
sq0012;15000000;15000100;0;a;0;0
sq0012;15200000;15200100;12;a;0;0
sq0012;15400000;15400100;6;a;0;0
sq0012;15600000;15600100;13;a;0;0
sq0012;15800000;15800100;9;a;0;0
sq0012;16000000;16000100;0;a;0;0
sq0012;16200000;16200100;3;a;0;0
sq0012;16400000;16400100;0;a;0;0
sq0012;16600000;16600100;0;a;0;0
sq0012;16800000;16800100;2;a;0;0
sq0012;17000000;17000100;16;a;0;0
sq0012;17200000;17200100;25;a;0;0
sq0012;17400000;17400100;19;a;0;0
sq0012;17600000;17600100;4;a;0;0
sq0012;17800000;17800100;5;a;0;0
sq0012;18000000;18000100;1;a;0;0
sq0012;18200000;18200100;4;a;0;0
sq0012;18400000;18400100;3;a;0;0
sq0012;18600000;18600100;31;a;0;0
sq0012;18800000;18800100;8;a;0;0
sq0012;19000000;19000100;5;a;0;0
sq0012;19200000;19200100;4;a;0;0
sq0012;19400000;19400100;6;a;0;0
sq0012;19600000;19600100;1;a;0;0
sq0012;19800000;19800100;2;a;0;0
sq0012;20000000;20000100;9;a;0;0
sq0012;20200000;20200100;7;a;0;0
sq0012;20400000;20400100;9;a;0;0
sq0012;20600000;20600100;14;a;0;0
sq0012;20800000;20800100;17;a;0;0
sq0012;21000000;21000100;11;a;0;0
sq0012;21200000;21200100;10;a;0;0
sq0012;21400000;21400100;22;a;0;0
sq0012;21600000;21600100;12;a;0;0
sq0012;21800000;21800100;19;a;0;0
sq0012;22000000;22000100;19;a;0;0
sq0012;22200000;22200100;14;a;0;0
sq0012;22400000;22400100;16;a;0;0
sq0012;22600000;22600100;21;a;0;0
sq0012;22800000;22800100;5;a;0;0
sq0012;23000000;23000100;25;a;0;0
sq0012;23200000;23200100;16;a;0;0
sq0012;23400000;23400100;21;a;0;0
sq0012;23600000;23600100;7;a;0;0
sq0012;23800000;23800100;23;a;0;0
sq0012;24000000;24000100;26;a;0;0
sq0012;24200000;24200100;11;a;0;0
sq0012;24400000;24400100;36;a;0;0
sq0012;24600000;24600100;29;a;0;0
sq0012;24800000;24800100;28;a;0;0
sq0012;25000000;25000100;23;a;0;0
sq0012;25200000;25200100;9;a;0;0
sq0012;25400000;25400100;10;a;0;0
sq0012;25600000;25600100;32;a;0;0
sq0012;25800000;25800100;52;a;0;0
sq0012;26000000;26000100;16;a;0;0
sq0012;26200000;26200100;41;a;0;0
sq0012;26400000;26400100;28;a;0;0
sq0012;26600000;26600100;20;a;0;0
sq0012;26800000;26800100;15;a;0;0
sq0012;27000000;27000100;29;a;0;0
sq0012;27200000;27200100;12;a;0;0
sq0012;27400000;27400100;28;a;0;0
sq0012;27600000;27600100;6;a;0;0
sq0012;27800000;27800100;24;a;0;0
sq0012;28000000;28000100;6;a;0;0
sq0012;28200000;28200100;35;a;0;0
sq0012;28400000;28400100;23;a;0;0
sq0012;28600000;28600100;26;a;0;0
sq0012;28800000;28800100;15;a;0;0
sq0012;29000000;29000100;28;a;0;0
sq0012;29200000;29200100;32;a;0;0
sq0012;29400000;29400100;10;a;0;0
sq0012;29600000;29600100;21;a;0;0
sq0012;29800000;29800100;30;a;0;0
sq0012;30000000;30000100;12;a;0;0
sq0012;30200000;30200100;19;a;0;0
sq0012;30400000;30400100;16;a;0;0
sq0012;30600000;30600100;26;a;0;0
sq0012;30800000;30800100;16;a;0;0
sq0012;31000000;31000100;24;a;0;0
sq0012;31200000;31200100;43;a;0;0
sq0012;31400000;31400100;19;a;0;0
sq0012;31600000;31600100;35;a;0;0
sq0012;31800000;31800100;26;a;0;0
sq0012;32000000;32000100;25;a;0;0
sq0012;32200000;32200100;21;a;0;0
sq0012;32400000;32400100;29;a;0;0
sq0012;32600000;32600100;29;a;0;0
sq0012;32800000;32800100;59;a;0;0
sq0012;33000000;33000100;14;a;0;0
sq0012;33200000;33200100;34;a;0;0
sq0012;33400000;33400100;43;a;0;0
sq0012;33600000;33600100;20;a;0;0
sq0012;33800000;33800100;30;a;0;0
sq0012;34000000;34000100;22;a;0;0
sq0012;34200000;34200100;28;a;0;0
sq0012;34400000;34400100;28;a;0;0
sq0012;34600000;34600100;22;a;0;0
sq0012;34800000;34800100;19;a;0;0
sq0012;35000000;35000100;28;a;0;0
sq0012;35200000;35200100;13;a;0;0
sq0012;35400000;35400100;15;a;0;0
sq0012;35600000;35600100;40;a;0;0
sq0012;35800000;35800100;16;a;0;0
sq0012;36000000;36000100;23;a;0;0
sq0012;36200000;36200100;32;a;0;0
sq0012;36400000;36400100;22;a;0;0
sq0012;36600000;36600100;10;a;0;0
sq0012;36800000;36800100;24;a;0;0
sq0012;37000000;37000100;15;a;0;0
sq0012;37200000;37200100;6;a;0;0
sq0012;37400000;37400100;17;a;0;0
sq0012;37600000;37600100;15;a;0;0
sq0012;37800000;37800100;10;a;0;0
sq0012;38000000;38000100;32;a;0;0
sq0012;38200000;38200100;13;a;0;0
sq0012;38400000;38400100;9;a;0;0
sq0012;38600000;38600100;7;a;0;0
sq0012;38800000;38800100;7;a;0;0
sq0012;39000000;39000100;5;a;0;0
sq0012;39200000;39200100;31;a;0;0
sq0012;39400000;39400100;4;a;0;0
sq0012;39600000;39600100;15;a;0;0
sq0012;39800000;39800100;14;a;0;0
sq0012;40000000;40000100;8;a;0;0
sq0012;40200000;40200100;23;a;0;0
sq0012;40400000;40400100;17;a;0;0
sq0012;40600000;40600100;10;a;0;0
sq0012;40800000;40800100;2;a;0;0
sq0012;41000000;41000100;8;a;0;0
sq0012;41200000;41200100;10;a;0;0
sq0012;41400000;41400100;16;a;0;0
sq0012;41600000;41600100;16;a;0;0
sq0012;41800000;41800100;9;a;0;0
sq0012;42000000;42000100;10;a;0;0
sq0012;42200000;42200100;1;a;0;0
sq0012;42400000;42400100;10;a;0;0
sq0012;42600000;42600100;16;a;0;0
sq0012;42800000;42800100;6;a;0;0
sq0012;43000000;43000100;23;a;0;0
sq0012;43200000;43200100;21;a;0;0
sq0012;43400000;43400100;22;a;0;0
sq0012;43600000;43600100;8;a;0;0
sq0012;43800000;43800100;2;a;0;0
sq0012;44000000;44000100;1;a;0;0
sq0012;44200000;44200100;10;a;0;0
sq0012;44400000;44400100;7;a;0;0
sq0012;44600000;44600100;6;a;0;0
sq0012;44800000;44800100;12;a;0;0
sq0012;45000000;45000100;20;a;0;0
sq0012;45200000;45200100;1;a;0;0
sq0012;45400000;45400100;9;a;0;0
sq0012;45600000;45600100;10;a;0;0
sq0012;45800000;45800100;19;a;0;0
sq0012;46000000;46000100;4;a;0;0
sq0012;46200000;46200100;2;a;0;0
sq0012;46400000;46400100;0;a;0;0
sq0012;46600000;46600100;4;a;0;0
sq0012;46800000;46800100;0;a;0;0
sq0014;0;100;0;a;0;0
sq0014;200000;200100;1;a;0;0
sq0014;400000;400100;5;a;0;0
sq0014;600000;600100;0;a;0;0
sq0014;800000;800100;1;a;0;0
sq0014;1000000;1000100;0;a;0;0
sq0014;1200000;1200100;5;a;0;0
sq0014;1400000;1400100;5;a;0;0
sq0014;1600000;1600100;0;a;0;0
sq0014;1800000;1800100;0;a;0;0
sq0014;2000000;2000100;1;a;0;0
sq0014;2200000;2200100;0;a;0;0
sq0014;2400000;2400100;0;a;0;0
sq0014;2600000;2600100;5;a;0;0
sq0014;2800000;2800100;0;a;0;0
sq0014;3000000;3000100;7;a;0;0
sq0014;3200000;3200100;0;a;0;0
sq0014;3400000;3400100;2;a;0;0
sq0014;3600000;3600100;8;a;0;0
sq0014;3800000;3800100;6;a;0;0
sq0014;4000000;4000100;0;a;0;0
sq0014;4200000;4200100;6;a;0;0
sq0014;4400000;4400100;0;a;0;0
sq0014;4600000;4600100;2;a;0;0
sq0014;4800000;4800100;0;a;0;0
sq0014;5000000;5000100;1;a;0;0
sq0014;5200000;5200100;5;a;0;0
sq0014;5400000;5400100;1;a;0;0
sq0014;5600000;5600100;10;a;0;0
sq0014;5800000;5800100;0;a;0;0
sq0014;6000000;6000100;0;a;0;0
sq0014;6200000;6200100;7;a;0;0
sq0014;6400000;6400100;4;a;0;0
sq0014;6600000;6600100;0;a;0;0
sq0014;6800000;6800100;2;a;0;0
sq0014;7000000;7000100;1;a;0;0
sq0014;7200000;7200100;0;a;0;0
sq0014;7400000;7400100;0;a;0;0
sq0014;7600000;7600100;0;a;0;0
sq0014;7800000;7800100;4;a;0;0
sq0014;8000000;8000100;0;a;0;0
sq0014;8200000;8200100;12;a;0;0
sq0014;8400000;8400100;1;a;0;0
sq0014;8600000;8600100;0;a;0;0
sq0014;8800000;8800100;0;a;0;0
sq0014;9000000;9000100;3;a;0;0
sq0014;9200000;9200100;0;a;0;0
sq0014;9400000;9400100;0;a;0;0
sq0014;9600000;9600100;5;a;0;0
sq0014;9800000;9800100;0;a;0;0
sq0014;10000000;10000100;2;a;0;0
sq0014;10200000;10200100;0;a;0;0
sq0014;10400000;10400100;0;a;0;0
sq0014;10600000;10600100;0;a;0;0
sq0014;10800000;10800100;5;a;0;0
sq0014;11000000;11000100;0;a;0;0
sq0014;11200000;11200100;13;a;0;0
sq0014;11400000;11400100;1;a;0;0
sq0014;11600000;11600100;2;a;0;0
sq0014;11800000;11800100;0;a;0;0
sq0014;12000000;12000100;4;a;0;0
sq0014;12200000;12200100;2;a;0;0
sq0014;12400000;12400100;2;a;0;0
sq0014;12600000;12600100;0;a;0;0
sq0014;12800000;12800100;1;a;0;0
sq0014;13000000;13000100;1;a;0;0
sq0014;13200000;13200100;2;a;0;0
sq0014;13400000;13400100;3;a;0;0
sq0014;13600000;13600100;1;a;0;0
sq0014;13800000;13800100;1;a;0;0
sq0014;14000000;14000100;7;a;0;0
sq0014;14200000;14200100;16;a;0;0
sq0014;14400000;14400100;9;a;0;0
sq0014;14600000;14600100;3;a;0;0
sq0014;14800000;14800100;2;a;0;0
sq0014;15000000;15000100;0;a;0;0
sq0014;15200000;15200100;5;a;0;0
sq0014;15400000;15400100;9;a;0;0
sq0014;15600000;15600100;3;a;0;0
sq0014;15800000;15800100;7;a;0;0
sq0014;16000000;16000100;7;a;0;0
sq0014;16200000;16200100;7;a;0;0
sq0014;16400000;16400100;17;a;0;0
sq0014;16600000;16600100;1;a;0;0
sq0014;16800000;16800100;11;a;0;0
sq0014;17000000;17000100;2;a;0;0
sq0014;17200000;17200100;12;a;0;0
sq0014;17400000;17400100;2;a;0;0
sq0014;17600000;17600100;2;a;0;0
sq0014;17800000;17800100;1;a;0;0
sq0014;18000000;18000100;3;a;0;0
sq0014;18200000;18200100;3;a;0;0
sq0014;18400000;18400100;9;a;0;0
sq0014;18600000;18600100;12;a;0;0
sq0014;18800000;18800100;0;a;0;0
sq0014;19000000;19000100;12;a;0;0
sq0014;19200000;19200100;6;a;0;0
sq0014;19400000;19400100;4;a;0;0
sq0014;19600000;19600100;12;a;0;0
sq0014;19800000;19800100;32;a;0;0
sq0014;20000000;20000100;18;a;0;0
sq0014;20200000;20200100;25;a;0;0
sq0014;20400000;20400100;14;a;0;0
sq0014;20600000;20600100;3;a;0;0
sq0014;20800000;20800100;14;a;0;0
sq0014;21000000;21000100;3;a;0;0
sq0014;21200000;21200100;28;a;0;0
sq0014;21400000;21400100;3;a;0;0
sq0014;21600000;21600100;14;a;0;0
sq0014;21800000;21800100;17;a;0;0
sq0014;22000000;22000100;19;a;0;0
sq0014;22200000;22200100;26;a;0;0
sq0014;22400000;22400100;6;a;0;0
sq0014;22600000;22600100;14;a;0;0
sq0014;22800000;22800100;11;a;0;0
sq0014;23000000;23000100;19;a;0;0
sq0014;23200000;23200100;11;a;0;0
sq0014;23400000;23400100;37;a;0;0
sq0014;23600000;23600100;8;a;0;0
sq0014;23800000;23800100;12;a;0;0
sq0014;24000000;24000100;16;a;0;0
sq0014;24200000;24200100;18;a;0;0
sq0014;24400000;24400100;15;a;0;0
sq0014;24600000;24600100;8;a;0;0
sq0014;24800000;24800100;13;a;0;0
sq0014;25000000;25000100;12;a;0;0
sq0014;25200000;25200100;7;a;0;0
sq0014;25400000;25400100;16;a;0;0
sq0014;25600000;25600100;11;a;0;0
sq0014;25800000;25800100;13;a;0;0
sq0014;26000000;26000100;9;a;0;0
sq0014;26200000;26200100;8;a;0;0
sq0014;26400000;26400100;8;a;0;0
sq0014;26600000;26600100;9;a;0;0
sq0014;26800000;26800100;21;a;0;0
sq0014;27000000;27000100;26;a;0;0
sq0014;27200000;27200100;10;a;0;0
sq0014;27400000;27400100;7;a;0;0
sq0014;27600000;27600100;27;a;0;0
sq0014;27800000;27800100;10;a;0;0
sq0014;28000000;28000100;1;a;0;0
sq0014;28200000;28200100;30;a;0;0
sq0014;28400000;28400100;20;a;0;0
sq0014;28600000;28600100;6;a;0;0
sq0014;28800000;28800100;23;a;0;0
sq0014;29000000;29000100;15;a;0;0
sq0014;29200000;29200100;28;a;0;0
sq0014;29400000;29400100;19;a;0;0
sq0014;29600000;29600100;15;a;0;0
sq0014;29800000;29800100;24;a;0;0
sq0014;30000000;30000100;8;a;0;0
sq0014;30200000;30200100;32;a;0;0
sq0014;30400000;30400100;28;a;0;0
sq0014;30600000;30600100;17;a;0;0
sq0014;30800000;30800100;19;a;0;0
sq0014;31000000;31000100;4;a;0;0
sq0014;31200000;31200100;18;a;0;0
sq0014;31400000;31400100;32;a;0;0
sq0014;31600000;31600100;14;a;0;0
sq0014;31800000;31800100;22;a;0;0
sq0014;32000000;32000100;26;a;0;0
sq0014;32200000;32200100;12;a;0;0
sq0014;32400000;32400100;28;a;0;0
sq0014;32600000;32600100;27;a;0;0
sq0014;32800000;32800100;8;a;0;0
sq0014;33000000;33000100;7;a;0;0
sq0014;33200000;33200100;26;a;0;0
sq0014;33400000;33400100;20;a;0;0
sq0014;33600000;33600100;39;a;0;0
sq0014;33800000;33800100;29;a;0;0
sq0014;34000000;34000100;30;a;0;0
sq0016;0;100;0;a;0;0
sq0016;200000;200100;0;a;0;0
sq0016;400000;400100;0;a;0;0
sq0016;600000;600100;1;a;0;0
sq0016;800000;800100;0;a;0;0
sq0016;1000000;1000100;0;a;0;0
sq0016;1200000;1200100;1;a;0;0
sq0016;1400000;1400100;2;a;0;0
sq0016;1600000;1600100;3;a;0;0
sq0016;1800000;1800100;0;a;0;0
sq0016;2000000;2000100;12;a;0;0
sq0016;2200000;2200100;2;a;0;0
sq0016;2400000;2400100;0;a;0;0
sq0016;2600000;2600100;0;a;0;0
sq0016;2800000;2800100;8;a;0;0
sq0016;3000000;3000100;0;a;0;0
sq0016;3200000;3200100;8;a;0;0
sq0016;3400000;3400100;13;a;0;0
sq0016;3600000;3600100;1;a;0;0
sq0016;3800000;3800100;4;a;0;0
sq0016;4000000;4000100;0;a;0;0
sq0016;4200000;4200100;9;a;0;0
sq0016;4400000;4400100;1;a;0;0
sq0016;4600000;4600100;8;a;0;0
sq0016;4800000;4800100;27;a;0;0
sq0016;5000000;5000100;20;a;0;0
sq0016;5200000;5200100;1;a;0;0
sq0016;5400000;5400100;7;a;0;0
sq0016;5600000;5600100;7;a;0;0
sq0016;5800000;5800100;8;a;0;0
sq0016;6000000;6000100;11;a;0;0
sq0016;6200000;6200100;1;a;0;0
sq0016;6400000;6400100;12;a;0;0
sq0016;6600000;6600100;17;a;0;0
sq0016;6800000;6800100;24;a;0;0
sq0016;7000000;7000100;27;a;0;0
sq0016;7200000;7200100;18;a;0;0
sq0016;7400000;7400100;13;a;0;0
sq0016;7600000;7600100;33;a;0;0
sq0016;7800000;7800100;26;a;0;0
sq0016;8000000;8000100;9;a;0;0
sq0016;8200000;8200100;29;a;0;0
sq0016;8400000;8400100;13;a;0;0
sq0016;8600000;8600100;14;a;0;0
sq0016;8800000;8800100;30;a;0;0
sq0016;9000000;9000100;9;a;0;0
sq0016;9200000;9200100;22;a;0;0
sq0016;9400000;9400100;15;a;0;0
sq0016;9600000;9600100;27;a;0;0
sq0016;9800000;9800100;20;a;0;0
sq0016;10000000;10000100;12;a;0;0
sq0016;10200000;10200100;22;a;0;0
sq0016;10400000;10400100;19;a;0;0
sq0016;10600000;10600100;39;a;0;0
sq0016;10800000;10800100;14;a;0;0
sq0016;11000000;11000100;11;a;0;0
sq0016;11200000;11200100;25;a;0;0
sq0016;11400000;11400100;11;a;0;0
sq0016;11600000;11600100;20;a;0;0
sq0016;11800000;11800100;12;a;0;0
sq0016;12000000;12000100;6;a;0;0
sq0016;12200000;12200100;14;a;0;0
sq0016;12400000;12400100;21;a;0;0
sq0016;12600000;12600100;9;a;0;0
sq0016;12800000;12800100;38;a;0;0
sq0016;13000000;13000100;14;a;0;0
sq0016;13200000;13200100;8;a;0;0
sq0016;13400000;13400100;13;a;0;0
sq0016;13600000;13600100;7;a;0;0
sq0016;13800000;13800100;4;a;0;0
sq0016;14000000;14000100;15;a;0;0
sq0016;14200000;14200100;14;a;0;0
sq0016;14400000;14400100;14;a;0;0
sq0016;14600000;14600100;12;a;0;0
sq0016;14800000;14800100;2;a;0;0
sq0016;15000000;15000100;20;a;0;0
sq0016;15200000;15200100;18;a;0;0
sq0016;15400000;15400100;10;a;0;0
sq0016;15600000;15600100;5;a;0;0
sq0016;15800000;15800100;3;a;0;0
sq0016;16000000;16000100;11;a;0;0
sq0016;16200000;16200100;7;a;0;0
sq0016;16400000;16400100;11;a;0;0
sq0016;16600000;16600100;7;a;0;0
sq0016;16800000;16800100;5;a;0;0
sq0016;17000000;17000100;2;a;0;0
sq0016;17200000;17200100;5;a;0;0
sq0016;17400000;17400100;10;a;0;0
sq0016;17600000;17600100;9;a;0;0
sq0016;17800000;17800100;8;a;0;0
sq0016;18000000;18000100;21;a;0;0
sq0016;18200000;18200100;6;a;0;0
sq0016;18400000;18400100;6;a;0;0
sq0016;18600000;18600100;6;a;0;0
sq0016;18800000;18800100;11;a;0;0
sq0016;19000000;19000100;11;a;0;0
sq0016;19200000;19200100;10;a;0;0
sq0016;19400000;19400100;13;a;0;0
sq0016;19600000;19600100;11;a;0;0
sq0016;19800000;19800100;12;a;0;0
sq0016;20000000;20000100;3;a;0;0
sq0016;20200000;20200100;1;a;0;0
sq0016;20400000;20400100;24;a;0;0
sq0016;20600000;20600100;13;a;0;0
sq0016;20800000;20800100;7;a;0;0
sq0016;21000000;21000100;3;a;0;0
sq0016;21200000;21200100;16;a;0;0
sq0016;21400000;21400100;3;a;0;0
sq0016;21600000;21600100;7;a;0;0
sq0016;21800000;21800100;6;a;0;0
sq0016;22000000;22000100;2;a;0;0
sq0016;22200000;22200100;10;a;0;0
sq0016;22400000;22400100;10;a;0;0
sq0016;22600000;22600100;10;a;0;0
sq0016;22800000;22800100;20;a;0;0
sq0016;23000000;23000100;6;a;0;0
sq0016;23200000;23200100;6;a;0;0
sq0016;23400000;23400100;8;a;0;0
sq0016;23600000;23600100;5;a;0;0
sq0016;23800000;23800100;2;a;0;0
sq0016;24000000;24000100;11;a;0;0
sq0016;24200000;24200100;8;a;0;0
sq0016;24400000;24400100;0;a;0;0
sq0016;24600000;24600100;4;a;0;0
sq0016;24800000;24800100;0;a;0;0
sq0016;25000000;25000100;11;a;0;0
sq0016;25200000;25200100;0;a;0;0
sq0016;25400000;25400100;0;a;0;0
sq0016;25600000;25600100;1;a;0;0
sq0016;25800000;25800100;0;a;0;0
sq0016;26000000;26000100;0;a;0;0
sq0016;26200000;26200100;0;a;0;0
sq0016;26400000;26400100;8;a;0;0
sq0016;26600000;26600100;0;a;0;0
sq0016;26800000;26800100;4;a;0;0
sq0016;27000000;27000100;1;a;0;0
sq0016;27200000;27200100;0;a;0;0
sq0016;27400000;27400100;0;a;0;0
sq0016;27600000;27600100;0;a;0;0
sq0016;27800000;27800100;0;a;0;0
sq0016;28000000;28000100;3;a;0;0
sq0016;28200000;28200100;0;a;0;0
sq0016;28400000;28400100;0;a;0;0
sq0016;28600000;28600100;0;a;0;0
sq0016;28800000;28800100;2;a;0;0
sq0016;29000000;29000100;0;a;0;0
sq0016;29200000;29200100;0;a;0;0
sq0016;29400000;29400100;0;a;0;0
sq0016;29600000;29600100;1;a;0;0
sq0016;29800000;29800100;4;a;0;0
sq0016;30000000;30000100;0;a;0;0
sq0016;30200000;30200100;0;a;0;0
sq0016;30400000;30400100;2;a;0;0
sq0016;30600000;30600100;5;a;0;0
sq0016;30800000;30800100;1;a;0;0
sq0016;31000000;31000100;1;a;0;0
sq0016;31200000;31200100;2;a;0;0
sq0018;0;100;0;a;0;0
sq0018;200000;200100;1;a;0;0
sq0018;400000;400100;1;a;0;0
sq0018;600000;600100;0;a;0;0
sq0018;800000;800100;0;a;0;0
sq0018;1000000;1000100;3;a;0;0
sq0018;1200000;1200100;4;a;0;0
sq0018;1400000;1400100;5;a;0;0
sq0018;1600000;1600100;5;a;0;0
sq0018;1800000;1800100;13;a;0;0
sq0018;2000000;2000100;11;a;0;0
sq0018;2200000;2200100;27;a;0;0
sq0018;2400000;2400100;27;a;0;0
sq0018;2600000;2600100;6;a;0;0
sq0018;2800000;2800100;9;a;0;0
sq0018;3000000;3000100;9;a;0;0
sq0018;3200000;3200100;15;a;0;0
sq0018;3400000;3400100;15;a;0;0
sq0018;3600000;3600100;0;a;0;0
sq0018;3800000;3800100;15;a;0;0
sq0018;4000000;4000100;20;a;0;0
sq0018;4200000;4200100;22;a;0;0
sq0018;4400000;4400100;1;a;0;0
sq0018;4600000;4600100;26;a;0;0
sq0018;4800000;4800100;9;a;0;0
sq0018;5000000;5000100;19;a;0;0
sq0018;5200000;5200100;15;a;0;0
sq0018;5400000;5400100;15;a;0;0
sq0018;5600000;5600100;20;a;0;0
sq0018;5800000;5800100;20;a;0;0
sq0018;6000000;6000100;20;a;0;0
sq0018;6200000;6200100;24;a;0;0
sq0018;6400000;6400100;24;a;0;0
sq0018;6600000;6600100;17;a;0;0
sq0018;6800000;6800100;17;a;0;0
sq0018;7000000;7000100;10;a;0;0
sq0018;7200000;7200100;30;a;0;0
sq0018;7400000;7400100;30;a;0;0
sq0018;7600000;7600100;21;a;0;0
sq0018;7800000;7800100;36;a;0;0
sq0018;8000000;8000100;22;a;0;0
sq0018;8200000;8200100;16;a;0;0
sq0018;8400000;8400100;29;a;0;0
sq0018;8600000;8600100;29;a;0;0
sq0018;8800000;8800100;21;a;0;0
sq0018;9000000;9000100;22;a;0;0
sq0018;9200000;9200100;25;a;0;0
sq0018;9400000;9400100;11;a;0;0
sq0018;9600000;9600100;29;a;0;0
sq0018;9800000;9800100;24;a;0;0
sq0018;10000000;10000100;32;a;0;0
sq0018;10200000;10200100;26;a;0;0
sq0018;10400000;10400100;14;a;0;0
sq0018;10600000;10600100;33;a;0;0
sq0018;10800000;10800100;22;a;0;0
sq0018;11000000;11000100;24;a;0;0
sq0018;11200000;11200100;38;a;0;0
sq0018;11400000;11400100;28;a;0;0
sq0018;11600000;11600100;29;a;0;0
sq0018;11800000;11800100;31;a;0;0
sq0018;12000000;12000100;11;a;0;0
sq0018;12200000;12200100;22;a;0;0
sq0018;12400000;12400100;27;a;0;0
sq0018;12600000;12600100;16;a;0;0
sq0018;12800000;12800100;36;a;0;0
sq0018;13000000;13000100;24;a;0;0
sq0018;13200000;13200100;32;a;0;0
sq0018;13400000;13400100;9;a;0;0
sq0018;13600000;13600100;28;a;0;0
sq0018;13800000;13800100;24;a;0;0
sq0018;14000000;14000100;25;a;0;0
sq0018;14200000;14200100;34;a;0;0
sq0018;14400000;14400100;19;a;0;0
sq0018;14600000;14600100;8;a;0;0
sq0018;14800000;14800100;9;a;0;0
sq0018;15000000;15000100;37;a;0;0
sq0018;15200000;15200100;30;a;0;0
sq0018;15400000;15400100;36;a;0;0
sq0018;15600000;15600100;29;a;0;0
sq0018;15800000;15800100;34;a;0;0
sq0018;16000000;16000100;25;a;0;0
sq0018;16200000;16200100;1;a;0;0
sq0018;16400000;16400100;34;a;0;0
sq0018;16600000;16600100;11;a;0;0
sq0018;16800000;16800100;31;a;0;0
sq0018;17000000;17000100;27;a;0;0
sq0018;17200000;17200100;31;a;0;0
sq0018;17400000;17400100;36;a;0;0
sq0018;17600000;17600100;31;a;0;0
sq0018;17800000;17800100;39;a;0;0
sq0018;18000000;18000100;16;a;0;0
sq0018;18200000;18200100;29;a;0;0
sq0018;18400000;18400100;48;a;0;0
sq0018;18600000;18600100;32;a;0;0
sq0018;18800000;18800100;29;a;0;0
sq0018;19000000;19000100;3;a;0;0
sq0018;19200000;19200100;20;a;0;0
sq0018;19400000;19400100;9;a;0;0
sq0018;19600000;19600100;7;a;0;0
sq0018;19800000;19800100;5;a;0;0
sq0018;20000000;20000100;5;a;0;0
sq0018;20200000;20200100;16;a;0;0
sq0018;20400000;20400100;6;a;0;0
sq0018;20600000;20600100;10;a;0;0
sq0018;20800000;20800100;12;a;0;0
sq0018;21000000;21000100;13;a;0;0
sq0018;21200000;21200100;3;a;0;0
sq0018;21400000;21400100;28;a;0;0
sq0018;21600000;21600100;13;a;0;0
sq0018;21800000;21800100;9;a;0;0
sq0018;22000000;22000100;14;a;0;0
sq0018;22200000;22200100;13;a;0;0
sq0018;22400000;22400100;10;a;0;0
sq0018;22600000;22600100;16;a;0;0
sq0018;22800000;22800100;23;a;0;0
sq0018;23000000;23000100;11;a;0;0
sq0018;23200000;23200100;3;a;0;0
sq0018;23400000;23400100;6;a;0;0
sq0018;23600000;23600100;10;a;0;0
sq0018;23800000;23800100;1;a;0;0
sq0018;24000000;24000100;8;a;0;0
sq0018;24200000;24200100;12;a;0;0
sq0018;24400000;24400100;8;a;0;0
sq0018;24600000;24600100;10;a;0;0
sq0018;24800000;24800100;11;a;0;0
sq0018;25000000;25000100;6;a;0;0
sq0018;25200000;25200100;3;a;0;0
sq0018;25400000;25400100;8;a;0;0
sq0018;25600000;25600100;3;a;0;0
sq0018;25800000;25800100;0;a;0;0
sq0018;26000000;26000100;2;a;0;0
sq0018;26200000;26200100;7;a;0;0
sq0018;26400000;26400100;5;a;0;0
sq0018;26600000;26600100;12;a;0;0
sq0018;26800000;26800100;8;a;0;0
sq0018;27000000;27000100;4;a;0;0
sq0018;27200000;27200100;3;a;0;0
sq0018;27400000;27400100;0;a;0;0
sq0018;27600000;27600100;4;a;0;0
sq0018;27800000;27800100;1;a;0;0
sq0018;28000000;28000100;2;a;0;0
sq0018;28200000;28200100;1;a;0;0
sq0018;28400000;28400100;0;a;0;0
sq0018;28600000;28600100;1;a;0;0
sq0018;28800000;28800100;0;a;0;0
sq0018;29000000;29000100;3;a;0;0
sq0018;29200000;29200100;3;a;0;0
sq0018;29400000;29400100;0;a;0;0
sq0018;29600000;29600100;0;a;0;0
sq0018;29800000;29800100;0;a;0;0
sq0018;30000000;30000100;0;a;0;0
sq0018;30200000;30200100;0;a;0;0
sq0018;30400000;30400100;0;a;0;0
sq0018;30600000;30600100;3;a;0;0
sq0018;30800000;30800100;0;a;0;0
sq0018;31000000;31000100;0;a;0;0
sq0018;31200000;31200100;4;a;0;0
sq0020;0;100;0;a;0;0
sq0020;200000;200100;8;a;0;0
sq0020;400000;400100;1;a;0;0
sq0020;600000;600100;0;a;0;0
sq0020;800000;800100;5;a;0;0
sq0020;1000000;1000100;0;a;0;0
sq0020;1200000;1200100;0;a;0;0
sq0020;1400000;1400100;2;a;0;0
sq0020;1600000;1600100;0;a;0;0
sq0020;1800000;1800100;1;a;0;0
sq0020;2000000;2000100;0;a;0;0
sq0020;2200000;2200100;1;a;0;0
sq0020;2400000;2400100;2;a;0;0
sq0020;2600000;2600100;0;a;0;0
sq0020;2800000;2800100;4;a;0;0
sq0020;3000000;3000100;7;a;0;0
sq0020;3200000;3200100;0;a;0;0
sq0020;3400000;3400100;0;a;0;0
sq0020;3600000;3600100;4;a;0;0
sq0020;3800000;3800100;7;a;0;0
sq0020;4000000;4000100;5;a;0;0
sq0020;4200000;4200100;6;a;0;0
sq0020;4400000;4400100;4;a;0;0
sq0020;4600000;4600100;0;a;0;0
sq0020;4800000;4800100;2;a;0;0
sq0020;5000000;5000100;1;a;0;0
sq0020;5200000;5200100;1;a;0;0
sq0020;5400000;5400100;1;a;0;0
sq0020;5600000;5600100;0;a;0;0
sq0020;5800000;5800100;1;a;0;0
sq0020;6000000;6000100;7;a;0;0
sq0020;6200000;6200100;0;a;0;0
sq0020;6400000;6400100;1;a;0;0
sq0020;6600000;6600100;0;a;0;0
sq0020;6800000;6800100;0;a;0;0
sq0020;7000000;7000100;9;a;0;0
sq0020;7200000;7200100;0;a;0;0
sq0020;7400000;7400100;7;a;0;0
sq0020;7600000;7600100;0;a;0;0
sq0020;7800000;7800100;0;a;0;0
sq0020;8000000;8000100;8;a;0;0
sq0020;8200000;8200100;0;a;0;0
sq0020;8400000;8400100;23;a;0;0
sq0020;8600000;8600100;14;a;0;0
sq0020;8800000;8800100;2;a;0;0
sq0020;9000000;9000100;2;a;0;0
sq0020;9200000;9200100;0;a;0;0
sq0020;9400000;9400100;2;a;0;0
sq0020;9600000;9600100;15;a;0;0
sq0020;9800000;9800100;0;a;0;0
sq0020;10000000;10000100;16;a;0;0
sq0020;10200000;10200100;4;a;0;0
sq0020;10400000;10400100;12;a;0;0
sq0020;10600000;10600100;11;a;0;0
sq0020;10800000;10800100;29;a;0;0
sq0020;11000000;11000100;7;a;0;0
sq0020;11200000;11200100;15;a;0;0
sq0020;11400000;11400100;24;a;0;0
sq0020;11600000;11600100;6;a;0;0
sq0020;11800000;11800100;8;a;0;0
sq0020;12000000;12000100;12;a;0;0
sq0020;12200000;12200100;12;a;0;0
sq0020;12400000;12400100;11;a;0;0
sq0020;12600000;12600100;5;a;0;0
sq0020;12800000;12800100;22;a;0;0
sq0020;13000000;13000100;13;a;0;0
sq0020;13200000;13200100;23;a;0;0
sq0020;13400000;13400100;17;a;0;0
sq0020;13600000;13600100;4;a;0;0
sq0020;13800000;13800100;5;a;0;0
sq0020;14000000;14000100;14;a;0;0
sq0020;14200000;14200100;14;a;0;0
sq0020;14400000;14400100;4;a;0;0
sq0020;14600000;14600100;25;a;0;0
sq0020;14800000;14800100;10;a;0;0
sq0020;15000000;15000100;23;a;0;0
sq0020;15200000;15200100;25;a;0;0
sq0020;15400000;15400100;19;a;0;0
sq0020;15600000;15600100;21;a;0;0
sq0020;15800000;15800100;13;a;0;0
sq0020;16000000;16000100;3;a;0;0
sq0020;16200000;16200100;18;a;0;0
sq0020;16400000;16400100;24;a;0;0
sq0020;16600000;16600100;17;a;0;0
sq0020;16800000;16800100;18;a;0;0
sq0020;17000000;17000100;20;a;0;0
sq0020;17200000;17200100;36;a;0;0
sq0020;17400000;17400100;32;a;0;0
sq0020;17600000;17600100;28;a;0;0
sq0020;17800000;17800100;42;a;0;0
sq0020;18000000;18000100;49;a;0;0
sq0020;18200000;18200100;36;a;0;0
sq0020;18400000;18400100;22;a;0;0
sq0020;18600000;18600100;30;a;0;0
sq0020;18800000;18800100;24;a;0;0
sq0020;19000000;19000100;11;a;0;0
sq0020;19200000;19200100;16;a;0;0
sq0020;19400000;19400100;27;a;0;0
sq0020;19600000;19600100;15;a;0;0
sq0020;19800000;19800100;20;a;0;0
sq0020;20000000;20000100;24;a;0;0
sq0020;20200000;20200100;30;a;0;0
sq0020;20400000;20400100;23;a;0;0
sq0020;20600000;20600100;15;a;0;0
sq0020;20800000;20800100;26;a;0;0
sq0020;21000000;21000100;18;a;0;0
sq0020;21200000;21200100;14;a;0;0
sq0020;21400000;21400100;28;a;0;0
sq0020;21600000;21600100;15;a;0;0
sq0020;21800000;21800100;37;a;0;0
sq0020;22000000;22000100;13;a;0;0
sq0020;22200000;22200100;31;a;0;0
sq0020;22400000;22400100;25;a;0;0
sq0020;22600000;22600100;19;a;0;0
sq0020;22800000;22800100;15;a;0;0
sq0020;23000000;23000100;16;a;0;0
sq0020;23200000;23200100;7;a;0;0
sq0020;23400000;23400100;20;a;0;0
sq0020;23600000;23600100;29;a;0;0
sq0020;23800000;23800100;22;a;0;0
sq0020;24000000;24000100;2;a;0;0
sq0020;24200000;24200100;9;a;0;0
sq0020;24400000;24400100;1;a;0;0
sq0020;24600000;24600100;35;a;0;0
sq0020;24800000;24800100;16;a;0;0
sq0020;25000000;25000100;5;a;0;0
sq0020;25200000;25200100;19;a;0;0
sq0020;25400000;25400100;7;a;0;0
sq0020;25600000;25600100;6;a;0;0
sq0020;25800000;25800100;3;a;0;0
sq0020;26000000;26000100;1;a;0;0
sq0020;26200000;26200100;4;a;0;0
sq0020;26400000;26400100;2;a;0;0
sq0020;26600000;26600100;3;a;0;0
sq0020;26800000;26800100;0;a;0;0
sq0020;27000000;27000100;7;a;0;0
sq0020;27200000;27200100;1;a;0;0
sq0020;27400000;27400100;1;a;0;0
sq0020;27600000;27600100;5;a;0;0
sq0020;27800000;27800100;5;a;0;0
sq0020;28000000;28000100;13;a;0;0
sq0020;28200000;28200100;7;a;0;0
sq0020;28400000;28400100;2;a;0;0
sq0020;28600000;28600100;1;a;0;0
sq0020;28800000;28800100;0;a;0;0
sq0020;29000000;29000100;8;a;0;0
sq0020;29200000;29200100;9;a;0;0
sq0020;29400000;29400100;1;a;0;0
sq0020;29600000;29600100;5;a;0;0
sq0020;29800000;29800100;2;a;0;0
sq0020;30000000;30000100;0;a;0;0
sq0020;30200000;30200100;7;a;0;0
sq0020;30400000;30400100;3;a;0;0
sq0020;30600000;30600100;7;a;0;0
sq0020;30800000;30800100;0;a;0;0
sq0020;31000000;31000100;5;a;0;0
sq0020;31200000;31200100;4;a;0;0
sq0022;0;100;0;a;0;0
sq0022;200000;200100;4;a;0;0
sq0022;400000;400100;11;a;0;0
sq0022;600000;600100;9;a;0;0
sq0022;800000;800100;1;a;0;0
sq0022;1000000;1000100;11;a;0;0
sq0022;1200000;1200100;8;a;0;0
sq0022;1400000;1400100;17;a;0;0
sq0022;1600000;1600100;22;a;0;0
sq0022;1800000;1800100;12;a;0;0
sq0022;2000000;2000100;6;a;0;0
sq0022;2200000;2200100;3;a;0;0
sq0022;2400000;2400100;18;a;0;0
sq0022;2600000;2600100;11;a;0;0
sq0022;2800000;2800100;7;a;0;0
sq0022;3000000;3000100;6;a;0;0
sq0022;3200000;3200100;15;a;0;0
sq0022;3400000;3400100;17;a;0;0
sq0022;3600000;3600100;2;a;0;0
sq0022;3800000;3800100;23;a;0;0
sq0022;4000000;4000100;5;a;0;0
sq0022;4200000;4200100;18;a;0;0
sq0022;4400000;4400100;6;a;0;0
sq0022;4600000;4600100;24;a;0;0
sq0022;4800000;4800100;26;a;0;0
sq0022;5000000;5000100;22;a;0;0
sq0022;5200000;5200100;2;a;0;0
sq0022;5400000;5400100;17;a;0;0
sq0022;5600000;5600100;17;a;0;0
sq0022;5800000;5800100;26;a;0;0
sq0022;6000000;6000100;9;a;0;0
sq0022;6200000;6200100;15;a;0;0
sq0022;6400000;6400100;25;a;0;0
sq0022;6600000;6600100;6;a;0;0
sq0022;6800000;6800100;19;a;0;0
sq0022;7000000;7000100;9;a;0;0
sq0022;7200000;7200100;14;a;0;0
sq0022;7400000;7400100;16;a;0;0
sq0022;7600000;7600100;21;a;0;0
sq0022;7800000;7800100;22;a;0;0
sq0022;8000000;8000100;21;a;0;0
sq0022;8200000;8200100;27;a;0;0
sq0022;8400000;8400100;23;a;0;0
sq0022;8600000;8600100;33;a;0;0
sq0022;8800000;8800100;21;a;0;0
sq0022;9000000;9000100;21;a;0;0
sq0022;9200000;9200100;15;a;0;0
sq0022;9400000;9400100;23;a;0;0
sq0022;9600000;9600100;26;a;0;0
sq0022;9800000;9800100;3;a;0;0
sq0022;10000000;10000100;16;a;0;0
sq0022;10200000;10200100;32;a;0;0
sq0022;10400000;10400100;26;a;0;0
sq0022;10600000;10600100;20;a;0;0
sq0022;10800000;10800100;33;a;0;0
sq0022;11000000;11000100;27;a;0;0
sq0022;11200000;11200100;33;a;0;0
sq0022;11400000;11400100;28;a;0;0
sq0022;11600000;11600100;27;a;0;0
sq0022;11800000;11800100;28;a;0;0
sq0022;12000000;12000100;8;a;0;0
sq0022;12200000;12200100;18;a;0;0
sq0022;12400000;12400100;26;a;0;0
sq0022;12600000;12600100;24;a;0;0
sq0022;12800000;12800100;19;a;0;0
sq0022;13000000;13000100;30;a;0;0
sq0022;13200000;13200100;17;a;0;0
sq0022;13400000;13400100;31;a;0;0
sq0022;13600000;13600100;33;a;0;0
sq0022;13800000;13800100;30;a;0;0
sq0022;14000000;14000100;16;a;0;0
sq0022;14200000;14200100;27;a;0;0
sq0022;14400000;14400100;14;a;0;0
sq0022;14600000;14600100;18;a;0;0
sq0022;14800000;14800100;28;a;0;0
sq0022;15000000;15000100;22;a;0;0
sq0022;15200000;15200100;17;a;0;0
sq0022;15400000;15400100;22;a;0;0
sq0022;15600000;15600100;18;a;0;0
sq0022;15800000;15800100;25;a;0;0
sq0022;16000000;16000100;33;a;0;0
sq0022;16200000;16200100;12;a;0;0
sq0022;16400000;16400100;18;a;0;0
sq0022;16600000;16600100;6;a;0;0
sq0022;16800000;16800100;7;a;0;0
sq0022;17000000;17000100;12;a;0;0
sq0022;17200000;17200100;8;a;0;0
sq0022;17400000;17400100;9;a;0;0
sq0022;17600000;17600100;9;a;0;0
sq0022;17800000;17800100;24;a;0;0
sq0022;18000000;18000100;19;a;0;0
sq0022;18200000;18200100;11;a;0;0
sq0022;18400000;18400100;0;a;0;0
sq0022;18600000;18600100;14;a;0;0
sq0022;18800000;18800100;7;a;0;0
sq0022;19000000;19000100;18;a;0;0
sq0022;19200000;19200100;5;a;0;0
sq0022;19400000;19400100;25;a;0;0
sq0022;19600000;19600100;24;a;0;0
sq0022;19800000;19800100;3;a;0;0
sq0022;20000000;20000100;8;a;0;0
sq0022;20200000;20200100;21;a;0;0
sq0022;20400000;20400100;2;a;0;0
sq0022;20600000;20600100;2;a;0;0
sq0022;20800000;20800100;10;a;0;0
sq0022;21000000;21000100;12;a;0;0
sq0022;21200000;21200100;8;a;0;0
sq0022;21400000;21400100;0;a;0;0
sq0022;21600000;21600100;7;a;0;0
sq0022;21800000;21800100;7;a;0;0
sq0022;22000000;22000100;4;a;0;0
sq0022;22200000;22200100;8;a;0;0
sq0022;22400000;22400100;3;a;0;0
sq0022;22600000;22600100;0;a;0;0
sq0022;22800000;22800100;4;a;0;0
sq0022;23000000;23000100;26;a;0;0
sq0022;23200000;23200100;13;a;0;0
sq0022;23400000;23400100;0;a;0;0
sq0022;23600000;23600100;8;a;0;0
sq0022;23800000;23800100;8;a;0;0
sq0022;24000000;24000100;3;a;0;0
sq0022;24200000;24200100;17;a;0;0
sq0022;24400000;24400100;9;a;0;0
sq0022;24600000;24600100;2;a;0;0
sq0022;24800000;24800100;7;a;0;0
sq0022;25000000;25000100;17;a;0;0
sq0022;25200000;25200100;3;a;0;0
sq0022;25400000;25400100;16;a;0;0
sq0022;25600000;25600100;3;a;0;0
sq0022;25800000;25800100;9;a;0;0
sq0022;26000000;26000100;14;a;0;0
sq0022;26200000;26200100;4;a;0;0
sq0022;26400000;26400100;5;a;0;0
sq0022;26600000;26600100;7;a;0;0
sq0022;26800000;26800100;5;a;0;0
sq0022;27000000;27000100;0;a;0;0
sq0022;27200000;27200100;0;a;0;0
sq0022;27400000;27400100;5;a;0;0
sq0022;27600000;27600100;10;a;0;0
sq0022;27800000;27800100;0;a;0;0
sq0022;28000000;28000100;6;a;0;0
sq0022;28200000;28200100;0;a;0;0
sq0022;28400000;28400100;0;a;0;0
sq0022;28600000;28600100;0;a;0;0
sq0022;28800000;28800100;1;a;0;0
sq0022;29000000;29000100;0;a;0;0
sq0022;29200000;29200100;0;a;0;0
sq0022;29400000;29400100;0;a;0;0
sq0022;29600000;29600100;1;a;0;0
sq0022;29800000;29800100;0;a;0;0
sq0022;30000000;30000100;0;a;0;0
sq0022;30200000;30200100;0;a;0;0
sq0022;30400000;30400100;0;a;0;0
sq0022;30600000;30600100;0;a;0;0
sq0022;30800000;30800100;2;a;0;0
sq0022;31000000;31000100;1;a;0;0
sq0022;31200000;31200100;5;a;0;0
sq0022;31400000;31400100;5;a;0;0
sq0022;31600000;31600100;4;a;0;0
sq0022;31800000;31800100;0;a;0;0
sq0022;32000000;32000100;0;a;0;0
sq0022;32200000;32200100;0;a;0;0
sq0022;32400000;32400100;5;a;0;0
sq0022;32600000;32600100;4;a;0;0
sq0022;32800000;32800100;0;a;0;0
sq0022;33000000;33000100;0;a;0;0
sq0022;33200000;33200100;2;a;0;0
sq0022;33400000;33400100;11;a;0;0
sq0022;33600000;33600100;7;a;0;0
sq0022;33800000;33800100;1;a;0;0
sq0022;34000000;34000100;3;a;0;0