;start;end;value1;color;V6;V7
1;0;200000;0;a;0;0
1;200000;400000;6;a;0;0
1;400000;600000;11;a;0;0
1;600000;800000;30;a;0;0
1;800000;1000000;31;a;0;0
1;1000000;1200000;8;a;0;0
1;1200000;1400000;28;a;0;0
1;1400000;1600000;39;a;0;0
1;1600000;1800000;59;a;0;0
1;1800000;2000000;22;a;0;0
1;2000000;2200000;20;a;0;0
1;2200000;2400000;25;a;0;0
1;2400000;2600000;50;a;0;0
1;2600000;2800000;60;a;0;0
1;2800000;3000000;36;a;0;0
1;3000000;3200000;85;a;0;0
1;3200000;3400000;55;a;0;0
1;3400000;3600000;56;a;0;0
1;3600000;3800000;29;a;0;0
1;3800000;4000000;73;a;0;0
1;4000000;4200000;86;a;0;0
1;4200000;4400000;21;a;0;0
1;4400000;4600000;28;a;0;0
1;4600000;4800000;24;a;0;0
1;4800000;5000000;36;a;0;0
1;5000000;5200000;16;a;0;0
1;5200000;5400000;9;a;0;0
1;5400000;5600000;37;a;0;0
1;5600000;5800000;15;a;0;0
1;5800000;6000000;16;a;0;0
1;6000000;6200000;17;a;0;0
1;6200000;6400000;21;a;0;0
1;6400000;6600000;27;a;0;0
1;6600000;6800000;22;a;0;0
1;6800000;7000000;17;a;0;0
1;7000000;7200000;30;a;0;0
1;7200000;7400000;17;a;0;0
1;7400000;7600000;21;a;0;0
1;7600000;7800000;24;a;0;0
1;7800000;8000000;54;a;0;0
1;8000000;8200000;30;a;0;0
1;8200000;8400000;40;a;0;0
1;8400000;8600000;39;a;0;0
1;8600000;8800000;61;a;0;0
1;8800000;9000000;37;a;0;0
1;9000000;9200000;36;a;0;0
1;9200000;9400000;52;a;0;0
1;9400000;9600000;27;a;0;0
1;9600000;9800000;23;a;0;0
1;9800000;10000000;37;a;0;0
1;10000000;10200000;35;a;0;0
1;10200000;10400000;47;a;0;0
1;10400000;10600000;30;a;0;0
1;10600000;10800000;50;a;0;0
1;10800000;11000000;33;a;0;0
1;11000000;11200000;13;a;0;0
1;11200000;11400000;45;a;0;0
1;11400000;11600000;13;a;0;0
1;11600000;11800000;72;a;0;0
1;11800000;12000000;58;a;0;0
1;12000000;12200000;82;a;0;0
1;12200000;12400000;92;a;0;0
1;12400000;12600000;56;a;0;0
1;12600000;12800000;23;a;0;0
1;12800000;13000000;70;a;0;0
1;13000000;13200000;64;a;0;0
1;13200000;13400000;94;a;0;0
1;13400000;13600000;95;a;0;0
1;13600000;13800000;73;a;0;0
1;13800000;14000000;19;a;0;0
1;14000000;14200000;31;a;0;0
1;14200000;14400000;80;a;0;0
1;14400000;14600000;63;a;0;0
1;14600000;14800000;41;a;0;0
1;14800000;15000000;40;a;0;0
1;15000000;15200000;40;a;0;0
1;15200000;15400000;18;a;0;0
1;15400000;15600000;36;a;0;0
1;15600000;15800000;61;a;0;0
1;15800000;16000000;55;a;0;0
1;16000000;16200000;55;a;0;0
1;16200000;16400000;27;a;0;0
1;16400000;16600000;25;a;0;0
1;16600000;16800000;55;a;0;0
1;16800000;17000000;67;a;0;0
1;17000000;17200000;92;a;0;0
1;17200000;17400000;87;a;0;0
1;17400000;17600000;93;a;0;0
1;17600000;17800000;90;a;0;0
1;17800000;18000000;94;a;0;0
1;18000000;18200000;64;a;0;0
1;18200000;18400000;65;a;0;0
1;18400000;18600000;60;a;0;0
1;18600000;18800000;55;a;0;0
1;18800000;19000000;40;a;0;0
1;19000000;19200000;73;a;0;0
1;19200000;19400000;66;a;0;0
1;19400000;19600000;35;a;0;0
1;19600000;19800000;50;a;0;0
1;19800000;20000000;61;a;0;0
1;20000000;20200000;53;a;0;0
1;20200000;20400000;59;a;0;0
1;20400000;20600000;78;a;0;0
1;20600000;20800000;49;a;0;0
1;20800000;21000000;87;a;0;0
1;21000000;21200000;61;a;0;0
1;21200000;21400000;35;a;0;0
1;21400000;21600000;30;a;0;0
1;21600000;21800000;40;a;0;0
1;21800000;22000000;34;a;0;0
1;22000000;22200000;42;a;0;0
1;22200000;22400000;74;a;0;0
1;22400000;22600000;46;a;0;0
1;22600000;22800000;38;a;0;0
1;22800000;23000000;54;a;0;0
1;23000000;23200000;60;a;0;0
1;23200000;23400000;59;a;0;0
1;23400000;23600000;61;a;0;0
1;23600000;23800000;60;a;0;0
1;23800000;24000000;48;a;0;0
1;24000000;24200000;69;a;0;0
1;24200000;24400000;54;a;0;0
1;24400000;24600000;49;a;0;0
1;24600000;24800000;83;a;0;0
1;24800000;25000000;87;a;0;0
1;25000000;25200000;86;a;0;0
1;25200000;25400000;82;a;0;0
1;25400000;25600000;76;a;0;0
1;25600000;25800000;95;a;0;0
1;25800000;26000000;89;a;0;0
1;26000000;26200000;94;a;0;0
1;26200000;26400000;83;a;0;0
1;26400000;26600000;91;a;0;0
1;26600000;26800000;92;a;0;0
1;26800000;27000000;86;a;0;0
1;27000000;27200000;83;a;0;0
1;27200000;27400000;95;a;0;0
1;27400000;27600000;91;a;0;0
1;27600000;27800000;82;a;0;0
1;27800000;28000000;87;a;0;0
1;28000000;28200000;92;a;0;0
1;28200000;28400000;94;a;0;0
1;28400000;28600000;96;a;0;0
1;28600000;28800000;93;a;0;0
1;28800000;29000000;66;a;0;0
1;29000000;29200000;95;a;0;0
1;29200000;29400000;91;a;0;0
1;29400000;29600000;61;a;0;0
1;29600000;29800000;86;a;0;0
1;29800000;30000000;86;a;0;0
1;30000000;30200000;82;a;0;0
1;30200000;30400000;75;a;0;0
1;30400000;30600000;92;a;0;0
1;30600000;30800000;94;a;0;0
1;30800000;31000000;89;a;0;0
1;31000000;31200000;76;a;0;0
1;31200000;31400000;86;a;0;0
1;31400000;31600000;78;a;0;0
1;31600000;31800000;97;a;0;0
1;31800000;32000000;75;a;0;0
1;32000000;32200000;82;a;0;0
1;32200000;32400000;91;a;0;0
1;32400000;32600000;90;a;0;0
1;32600000;32800000;67;a;0;0
1;32800000;33000000;79;a;0;0
1;33000000;33200000;82;a;0;0
1;33200000;33400000;91;a;0;0
1;33400000;33600000;85;a;0;0
1;33600000;33800000;84;a;0;0
1;33800000;34000000;87;a;0;0
1;34000000;34200000;91;a;0;0
1;34200000;34400000;88;a;0;0
1;34400000;34600000;85;a;0;0
1;34600000;34800000;91;a;0;0
1;34800000;35000000;94;a;0;0
1;35000000;35200000;91;a;0;0
1;35200000;35400000;79;a;0;0
1;35400000;35600000;94;a;0;0
1;35600000;35800000;94;a;0;0
1;35800000;36000000;92;a;0;0
1;36000000;36200000;97;a;0;0
1;36200000;36400000;92;a;0;0
1;36400000;36600000;84;a;0;0
1;36600000;36800000;91;a;0;0
1;36800000;37000000;82;a;0;0
1;37000000;37200000;80;a;0;0
1;37200000;37400000;90;a;0;0
1;37400000;37600000;83;a;0;0
1;37600000;37800000;41;a;0;0
1;37800000;38000000;78;a;0;0
1;38000000;38200000;77;a;0;0
1;38200000;38400000;72;a;0;0
1;38400000;38600000;90;a;0;0
1;38600000;38800000;46;a;0;0
1;38800000;39000000;58;a;0;0
1;39000000;39200000;45;a;0;0
1;39200000;39400000;46;a;0;0
1;39400000;39600000;54;a;0;0
1;39600000;39800000;70;a;0;0
1;39800000;40000000;35;a;0;0
1;40000000;40200000;78;a;0;0
1;40200000;40400000;43;a;0;0
1;40400000;40600000;70;a;0;0
1;40600000;40800000;56;a;0;0
1;40800000;41000000;59;a;0;0
1;41000000;41200000;52;a;0;0
1;41200000;41400000;41;a;0;0
1;41400000;41600000;57;a;0;0
1;41600000;41800000;91;a;0;0
1;41800000;42000000;59;a;0;0
1;42000000;42200000;68;a;0;0
1;42200000;42400000;37;a;0;0
1;42400000;42600000;73;a;0;0
1;42600000;42800000;68;a;0;0
1;42800000;43000000;78;a;0;0
1;43000000;43200000;45;a;0;0
1;43200000;43400000;32;a;0;0
1;43400000;43600000;33;a;0;0
1;43600000;43800000;43;a;0;0
1;43800000;44000000;76;a;0;0
1;44000000;44200000;38;a;0;0
1;44200000;44400000;19;a;0;0
1;44400000;44600000;13;a;0;0
1;44600000;44800000;18;a;0;0
1;44800000;45000000;47;a;0;0
1;45000000;45200000;41;a;0;0
1;45200000;45400000;77;a;0;0
1;45400000;45600000;91;a;0;0
1;45600000;45800000;64;a;0;0
1;45800000;46000000;30;a;0;0
1;46000000;46200000;28;a;0;0
1;46200000;46400000;20;a;0;0
1;46400000;46600000;24;a;0;0
1;46600000;46800000;61;a;0;0
1;46800000;47000000;55;a;0;0
1;47000000;47200000;13;a;0;0
1;47200000;47400000;18;a;0;0
1;47400000;47600000;24;a;0;0
1;47600000;47800000;17;a;0;0
1;47800000;48000000;5;a;0;0
1;48000000;48200000;9;a;0;0
1;48200000;48400000;7;a;0;0
1;48400000;48600000;36;a;0;0
1;48600000;48800000;45;a;0;0
1;48800000;49000000;33;a;0;0
1;49000000;49200000;28;a;0;0
1;49200000;49400000;26;a;0;0
1;49400000;49600000;21;a;0;0
1;49600000;49800000;14;a;0;0
1;49800000;50000000;9;a;0;0
1;50000000;50200000;20;a;0;0
1;50200000;50400000;29;a;0;0
1;50400000;50600000;18;a;0;0
1;50600000;50800000;18;a;0;0
1;50800000;51000000;40;a;0;0
1;51000000;51200000;89;a;0;0
1;51200000;51400000;81;a;0;0
1;51400000;51600000;80;a;0;0
1;51600000;51800000;55;a;0;0
1;51800000;52000000;73;a;0;0
1;52000000;52200000;39;a;0;0
1;52200000;52400000;18;a;0;0
1;52400000;52600000;12;a;0;0
1;52600000;52800000;13;a;0;0
1;52800000;53000000;11;a;0;0
1;53000000;53200000;12;a;0;0
1;53200000;53400000;36;a;0;0
1;53400000;53600000;82;a;0;0
1;53600000;53800000;15;a;0;0
1;53800000;54000000;31;a;0;0
1;54000000;54200000;22;a;0;0
1;54200000;54400000;23;a;0;0
1;54400000;54600000;32;a;0;0
1;54600000;54800000;58;a;0;0
1;54800000;55000000;66;a;0;0
1;55000000;55200000;15;a;0;0
1;55200000;55400000;10;a;0;0
1;55400000;55600000;33;a;0;0
1;55600000;55800000;9;a;0;0
1;55800000;56000000;17;a;0;0
1;56000000;56200000;3;a;0;0
1;56200000;56400000;0;a;0;0
1;56400000;56600000;6;a;0;0
1;56600000;56800000;3;a;0;0
1;56800000;57000000;2;a;0;0
1;57000000;57200000;5;a;0;0
1;57200000;57400000;9;a;0;0
1;57400000;57600000;15;a;0;0
1;57600000;57800000;58;a;0;0
1;57800000;58000000;2;a;0;0
1;58000000;58200000;15;a;0;0
1;58200000;58400000;0;a;0;0
1;58400000;58600000;14;a;0;0
1;58600000;58800000;5;a;0;0
1;58800000;59000000;0;a;0;0
1;59000000;59200000;4;a;0;0
1;59200000;59400000;6;a;0;0
1;59400000;59600000;2;a;0;0
1;59600000;59800000;5;a;0;0
1;59800000;60000000;1;a;0;0
1;60000000;60200000;3;a;0;0
1;60200000;60400000;3;a;0;0
1;60400000;60600000;0;a;0;0
1;60600000;60800000;5;a;0;0
1;60800000;61000000;7;a;0;0
1;61000000;61200000;17;a;0;0
1;61200000;61400000;1;a;0;0
1;61400000;61600000;2;a;0;0
1;61600000;61800000;0;a;0;0
1;61800000;62000000;10;a;0;0
1;62000000;62200000;1;a;0;0
1;62200000;62400000;15;a;0;0
1;62400000;62600000;7;a;0;0
1;62600000;62800000;0;a;0;0
1;62800000;63000000;4;a;0;0
1;63000000;63200000;3;a;0;0
1;63200000;63400000;2;a;0;0
1;63400000;63600000;2;a;0;0
1;63600000;63800000;60;a;0;0
1;63800000;64000000;30;a;0;0
1;64000000;64200000;3;a;0;0
1;64200000;64400000;2;a;0;0
1;64400000;64600000;4;a;0;0
1;64600000;64800000;11;a;0;0
1;64800000;65000000;8;a;0;0
1;65000000;65200000;4;a;0;0
1;65200000;65400000;68;a;0;0
1;65400000;65600000;15;a;0;0
1;65600000;65800000;6;a;0;0
1;65800000;66000000;6;a;0;0
1;66000000;66200000;4;a;0;0
1;66200000;66400000;1;a;0;0
1;66400000;66600000;3;a;0;0
1;66600000;66800000;1;a;0;0
2;0;200000;0;a;0;0
2;200000;400000;34;a;0;0
2;400000;600000;27;a;0;0
2;600000;800000;1;a;0;0
2;800000;1000000;3;a;0;0
2;1000000;1200000;7;a;0;0
2;1200000;1400000;7;a;0;0
2;1400000;1600000;7;a;0;0
2;1600000;1800000;6;a;0;0
2;1800000;2000000;2;a;0;0
2;2000000;2200000;5;a;0;0
2;2200000;2400000;8;a;0;0
2;2400000;2600000;7;a;0;0
2;2600000;2800000;7;a;0;0
2;2800000;3000000;2;a;0;0
2;3000000;3200000;1;a;0;0
2;3200000;3400000;2;a;0;0
2;3400000;3600000;5;a;0;0
2;3600000;3800000;29;a;0;0
2;3800000;4000000;53;a;0;0
2;4000000;4200000;34;a;0;0
2;4200000;4400000;39;a;0;0
2;4400000;4600000;10;a;0;0
2;4600000;4800000;21;a;0;0
2;4800000;5000000;5;a;0;0
2;5000000;5200000;30;a;0;0
2;5200000;5400000;4;a;0;0
2;5400000;5600000;7;a;0;0
2;5600000;5800000;3;a;0;0
2;5800000;6000000;11;a;0;0
2;6000000;6200000;6;a;0;0
2;6200000;6400000;2;a;0;0
2;6400000;6600000;2;a;0;0
2;6600000;6800000;4;a;0;0
2;6800000;7000000;18;a;0;0
2;7000000;7200000;8;a;0;0
2;7200000;7400000;4;a;0;0
2;7400000;7600000;2;a;0;0
2;7600000;7800000;4;a;0;0
2;7800000;8000000;3;a;0;0
2;8000000;8200000;2;a;0;0
2;8200000;8400000;6;a;0;0
2;8400000;8600000;49;a;0;0
2;8600000;8800000;58;a;0;0
2;8800000;9000000;20;a;0;0
2;9000000;9200000;8;a;0;0
2;9200000;9400000;3;a;0;0
2;9400000;9600000;3;a;0;0
2;9600000;9800000;3;a;0;0
2;9800000;10000000;8;a;0;0
2;10000000;10200000;10;a;0;0
2;10200000;10400000;8;a;0;0
2;10400000;10600000;5;a;0;0
2;10600000;10800000;13;a;0;0
2;10800000;11000000;11;a;0;0
2;11000000;11200000;4;a;0;0
2;11200000;11400000;15;a;0;0
2;11400000;11600000;1;a;0;0
2;11600000;11800000;1;a;0;0
2;11800000;12000000;5;a;0;0
2;12000000;12200000;0;a;0;0
2;12200000;12400000;4;a;0;0
2;12400000;12600000;6;a;0;0
2;12600000;12800000;10;a;0;0
2;12800000;13000000;6;a;0;0
2;13000000;13200000;34;a;0;0
2;13200000;13400000;26;a;0;0
2;13400000;13600000;13;a;0;0
2;13600000;13800000;35;a;0;0
2;13800000;14000000;17;a;0;0
2;14000000;14200000;12;a;0;0
2;14200000;14400000;2;a;0;0
2;14400000;14600000;8;a;0;0
2;14600000;14800000;0;a;0;0
2;14800000;15000000;0;a;0;0
2;15000000;15200000;26;a;0;0
2;15200000;15400000;0;a;0;0
2;15400000;15600000;5;a;0;0
2;15600000;15800000;15;a;0;0
2;15800000;16000000;10;a;0;0
2;16000000;16200000;11;a;0;0
2;16200000;16400000;43;a;0;0
2;16400000;16600000;64;a;0;0
2;16600000;16800000;17;a;0;0
2;16800000;17000000;15;a;0;0
2;17000000;17200000;3;a;0;0
2;17200000;17400000;11;a;0;0
2;17400000;17600000;15;a;0;0
2;17600000;17800000;39;a;0;0
2;17800000;18000000;11;a;0;0
2;18000000;18200000;7;a;0;0
2;18200000;18400000;8;a;0;0
2;18400000;18600000;5;a;0;0
2;18600000;18800000;1;a;0;0
2;18800000;19000000;3;a;0;0
2;19000000;19200000;15;a;0;0
2;19200000;19400000;2;a;0;0
2;19400000;19600000;4;a;0;0
2;19600000;19800000;0;a;0;0
2;19800000;20000000;3;a;0;0
2;20000000;20200000;3;a;0;0
2;20200000;20400000;11;a;0;0
2;20400000;20600000;9;a;0;0
2;20600000;20800000;1;a;0;0
2;20800000;21000000;1;a;0;0
2;21000000;21200000;1;a;0;0
2;21200000;21400000;3;a;0;0
2;21400000;21600000;3;a;0;0
2;21600000;21800000;3;a;0;0
2;21800000;22000000;5;a;0;0
2;22000000;22200000;67;a;0;0
2;22200000;22400000;38;a;0;0
2;22400000;22600000;17;a;0;0
2;22600000;22800000;3;a;0;0
2;22800000;23000000;2;a;0;0
2;23000000;23200000;4;a;0;0
2;23200000;23400000;1;a;0;0
2;23400000;23600000;5;a;0;0
2;23600000;23800000;2;a;0;0
2;23800000;24000000;4;a;0;0
2;24000000;24200000;29;a;0;0
2;24200000;24400000;1;a;0;0
2;24400000;24600000;34;a;0;0
2;24600000;24800000;36;a;0;0
2;24800000;25000000;2;a;0;0
2;25000000;25200000;3;a;0;0
2;25200000;25400000;5;a;0;0
2;25400000;25600000;11;a;0;0
2;25600000;25800000;8;a;0;0
2;25800000;26000000;9;a;0;0
2;26000000;26200000;1;a;0;0
2;26200000;26400000;5;a;0;0
2;26400000;26600000;1;a;0;0
2;26600000;26800000;7;a;0;0
2;26800000;27000000;4;a;0;0
2;27000000;27200000;11;a;0;0
2;27200000;27400000;14;a;0;0
2;27400000;27600000;50;a;0;0
2;27600000;27800000;20;a;0;0
2;27800000;28000000;13;a;0;0
2;28000000;28200000;48;a;0;0
2;28200000;28400000;16;a;0;0
2;28400000;28600000;25;a;0;0
2;28600000;28800000;29;a;0;0
2;28800000;29000000;20;a;0;0
2;29000000;29200000;45;a;0;0
2;29200000;29400000;41;a;0;0
2;29400000;29600000;43;a;0;0
2;29600000;29800000;86;a;0;0
2;29800000;30000000;75;a;0;0
2;30000000;30200000;48;a;0;0
2;30200000;30400000;14;a;0;0
2;30400000;30600000;13;a;0;0
2;30600000;30800000;10;a;0;0
2;30800000;31000000;47;a;0;0
2;31000000;31200000;21;a;0;0
2;31200000;31400000;4;a;0;0
2;31400000;31600000;9;a;0;0
2;31600000;31800000;24;a;0;0
2;31800000;32000000;50;a;0;0
2;32000000;32200000;73;a;0;0
2;32200000;32400000;41;a;0;0
2;32400000;32600000;28;a;0;0
2;32600000;32800000;41;a;0;0
2;32800000;33000000;17;a;0;0
2;33000000;33200000;8;a;0;0
2;33200000;33400000;25;a;0;0
2;33400000;33600000;37;a;0;0
2;33600000;33800000;43;a;0;0
2;33800000;34000000;40;a;0;0
2;34000000;34200000;65;a;0;0
2;34200000;34400000;60;a;0;0
2;34400000;34600000;25;a;0;0
2;34600000;34800000;18;a;0;0
2;34800000;35000000;21;a;0;0
2;35000000;35200000;27;a;0;0
2;35200000;35400000;27;a;0;0
2;35400000;35600000;50;a;0;0
2;35600000;35800000;72;a;0;0
2;35800000;36000000;44;a;0;0
2;36000000;36200000;62;a;0;0
2;36200000;36400000;59;a;0;0
2;36400000;36600000;30;a;0;0
2;36600000;36800000;56;a;0;0
2;36800000;37000000;92;a;0;0
2;37000000;37200000;41;a;0;0
2;37200000;37400000;45;a;0;0
2;37400000;37600000;71;a;0;0
2;37600000;37800000;45;a;0;0
2;37800000;38000000;47;a;0;0
2;38000000;38200000;47;a;0;0
2;38200000;38400000;31;a;0;0
2;38400000;38600000;31;a;0;0
2;38600000;38800000;39;a;0;0
2;38800000;39000000;62;a;0;0
2;39000000;39200000;64;a;0;0
2;39200000;39400000;71;a;0;0
2;39400000;39600000;75;a;0;0
2;39600000;39800000;81;a;0;0
2;39800000;40000000;28;a;0;0
2;40000000;40200000;48;a;0;0
2;40200000;40400000;33;a;0;0
2;40400000;40600000;44;a;0;0
2;40600000;40800000;65;a;0;0
2;40800000;41000000;38;a;0;0
2;41000000;41200000;56;a;0;0
2;41200000;41400000;48;a;0;0
2;41400000;41600000;48;a;0;0
2;41600000;41800000;45;a;0;0
2;41800000;42000000;54;a;0;0
2;42000000;42200000;61;a;0;0
2;42200000;42400000;48;a;0;0
2;42400000;42600000;64;a;0;0
2;42600000;42800000;83;a;0;0
2;42800000;43000000;78;a;0;0
2;43000000;43200000;31;a;0;0
2;43200000;43400000;43;a;0;0
2;43400000;43600000;62;a;0;0
2;43600000;43800000;19;a;0;0
2;43800000;44000000;45;a;0;0
2;44000000;44200000;41;a;0;0
2;44200000;44400000;59;a;0;0
2;44400000;44600000;48;a;0;0
2;44600000;44800000;47;a;0;0
2;44800000;45000000;38;a;0;0
2;45000000;45200000;51;a;0;0
2;45200000;45400000;43;a;0;0
2;45400000;45600000;26;a;0;0
2;45600000;45800000;69;a;0;0
2;45800000;46000000;75;a;0;0
2;46000000;46200000;58;a;0;0
2;46200000;46400000;40;a;0;0
2;46400000;46600000;50;a;0;0
2;46600000;46800000;51;a;0;0
2;46800000;47000000;53;a;0;0
2;47000000;47200000;92;a;0;0
2;47200000;47400000;92;a;0;0
2;47400000;47600000;97;a;0;0
2;47600000;47800000;58;a;0;0
2;47800000;48000000;66;a;0;0
2;48000000;48200000;79;a;0;0
2;48200000;48400000;60;a;0;0
2;48400000;48600000;81;a;0;0
2;48600000;48800000;63;a;0;0
2;48800000;49000000;70;a;0;0
2;49000000;49200000;37;a;0;0
2;49200000;49400000;48;a;0;0
2;49400000;49600000;51;a;0;0
2;49600000;49800000;70;a;0;0
2;49800000;50000000;60;a;0;0
2;50000000;50200000;80;a;0;0
2;50200000;50400000;53;a;0;0
2;50400000;50600000;56;a;0;0
2;50600000;50800000;65;a;0;0
2;50800000;51000000;76;a;0;0
2;51000000;51200000;60;a;0;0
2;51200000;51400000;73;a;0;0
2;51400000;51600000;62;a;0;0
2;51600000;51800000;85;a;0;0
2;51800000;52000000;92;a;0;0
2;52000000;52200000;90;a;0;0
2;52200000;52400000;76;a;0;0
2;52400000;52600000;80;a;0;0
2;52600000;52800000;73;a;0;0
2;52800000;53000000;87;a;0;0
2;53000000;53200000;94;a;0;0
2;53200000;53400000;78;a;0;0
2;53400000;53600000;75;a;0;0
2;53600000;53800000;55;a;0;0
2;53800000;54000000;24;a;0;0
2;54000000;54200000;35;a;0;0
2;54200000;54400000;73;a;0;0
2;54400000;54600000;77;a;0;0
2;54600000;54800000;95;a;0;0
2;54800000;55000000;80;a;0;0
2;55000000;55200000;80;a;0;0
2;55200000;55400000;88;a;0;0
2;55400000;55600000;73;a;0;0
2;55600000;55800000;87;a;0;0
2;55800000;56000000;62;a;0;0
2;56000000;56200000;73;a;0;0
2;56200000;56400000;96;a;0;0
2;56400000;56600000;79;a;0;0
2;56600000;56800000;82;a;0;0
2;56800000;57000000;96;a;0;0
2;57000000;57200000;79;a;0;0
2;57200000;57400000;92;a;0;0
2;57400000;57600000;92;a;0;0
2;57600000;57800000;89;a;0;0
2;57800000;58000000;78;a;0;0
2;58000000;58200000;71;a;0;0
2;58200000;58400000;90;a;0;0
2;58400000;58600000;95;a;0;0
2;58600000;58800000;94;a;0;0
2;58800000;59000000;63;a;0;0
2;59000000;59200000;79;a;0;0
2;59200000;59400000;59;a;0;0
2;59400000;59600000;94;a;0;0
2;59600000;59800000;82;a;0;0
2;59800000;60000000;76;a;0;0
2;60000000;60200000;93;a;0;0
2;60200000;60400000;90;a;0;0
2;60400000;60600000;79;a;0;0
2;60600000;60800000;82;a;0;0
2;60800000;61000000;92;a;0;0
2;61000000;61200000;78;a;0;0
2;61200000;61400000;84;a;0;0
2;61400000;61600000;67;a;0;0
2;61600000;61800000;78;a;0;0
2;61800000;62000000;85;a;0;0
2;62000000;62200000;75;a;0;0
2;62200000;62400000;77;a;0;0
2;62400000;62600000;81;a;0;0
2;62600000;62800000;87;a;0;0
2;62800000;63000000;77;a;0;0
2;63000000;63200000;92;a;0;0
2;63200000;63400000;60;a;0;0
2;63400000;63600000;52;a;0;0
2;63600000;63800000;82;a;0;0
2;63800000;64000000;75;a;0;0
2;64000000;64200000;65;a;0;0
2;64200000;64400000;49;a;0;0
2;64400000;64600000;74;a;0;0
2;64600000;64800000;65;a;0;0
2;64800000;65000000;66;a;0;0
2;65000000;65200000;63;a;0;0
2;65200000;65400000;88;a;0;0
2;65400000;65600000;84;a;0;0
2;65600000;65800000;63;a;0;0
2;65800000;66000000;72;a;0;0
2;66000000;66200000;52;a;0;0
2;66200000;66400000;70;a;0;0
2;66400000;66600000;85;a;0;0
2;66600000;66800000;86;a;0;0
2;66800000;67000000;74;a;0;0
2;67000000;67200000;68;a;0;0
2;67200000;67400000;81;a;0;0
2;67400000;67600000;76;a;0;0
2;67600000;67800000;82;a;0;0
2;67800000;68000000;71;a;0;0
2;68000000;68200000;92;a;0;0
2;68200000;68400000;54;a;0;0
2;68400000;68600000;61;a;0;0
2;68600000;68800000;49;a;0;0
2;68800000;69000000;86;a;0;0
2;69000000;69200000;94;a;0;0
2;69200000;69400000;53;a;0;0
2;69400000;69600000;56;a;0;0
2;69600000;69800000;35;a;0;0
2;69800000;70000000;56;a;0;0
2;70000000;70200000;81;a;0;0
2;70200000;70400000;48;a;0;0
2;70400000;70600000;48;a;0;0
2;70600000;70800000;31;a;0;0
2;70800000;71000000;39;a;0;0
2;71000000;71200000;42;a;0;0
2;71200000;71400000;45;a;0;0
2;71400000;71600000;67;a;0;0
2;71600000;71800000;87;a;0;0
2;71800000;72000000;74;a;0;0
2;72000000;72200000;63;a;0;0
2;72200000;72400000;74;a;0;0
2;72400000;72600000;57;a;0;0
2;72600000;72800000;45;a;0;0
2;72800000;73000000;53;a;0;0
2;73000000;73200000;69;a;0;0
2;73200000;73400000;54;a;0;0
2;73400000;73600000;60;a;0;0
2;73600000;73800000;43;a;0;0
2;73800000;74000000;56;a;0;0
2;74000000;74200000;85;a;0;0
2;74200000;74400000;63;a;0;0
2;74400000;74600000;47;a;0;0
2;74600000;74800000;56;a;0;0
2;74800000;75000000;34;a;0;0
2;75000000;75200000;51;a;0;0
2;75200000;75400000;47;a;0;0
2;75400000;75600000;48;a;0;0
2;75600000;75800000;72;a;0;0
2;75800000;76000000;79;a;0;0
2;76000000;76200000;92;a;0;0
2;76200000;76400000;64;a;0;0
2;76400000;76600000;54;a;0;0
2;76600000;76800000;69;a;0;0
2;76800000;77000000;52;a;0;0
2;77000000;77200000;54;a;0;0
2;77200000;77400000;42;a;0;0
2;77400000;77600000;87;a;0;0
2;77600000;77800000;69;a;0;0
2;77800000;78000000;49;a;0;0
2;78000000;78200000;30;a;0;0
2;78200000;78400000;49;a;0;0
2;78400000;78600000;71;a;0;0
2;78600000;78800000;21;a;0;0
2;78800000;79000000;32;a;0;0
2;79000000;79200000;26;a;0;0
2;79200000;79400000;46;a;0;0
2;79400000;79600000;26;a;0;0
2;79600000;79800000;42;a;0;0
2;79800000;80000000;23;a;0;0
2;80000000;80200000;42;a;0;0
2;80200000;80400000;25;a;0;0
2;80400000;80600000;38;a;0;0
2;80600000;80800000;45;a;0;0
2;80800000;81000000;28;a;0;0
2;81000000;81200000;20;a;0;0
2;81200000;81400000;31;a;0;0
2;81400000;81600000;31;a;0;0
2;81600000;81800000;59;a;0;0
2;81800000;82000000;33;a;0;0
2;82000000;82200000;17;a;0;0
2;82200000;82400000;41;a;0;0
2;82400000;82600000;23;a;0;0
2;82600000;82800000;28;a;0;0
2;82800000;83000000;22;a;0;0
2;83000000;83200000;8;a;0;0
2;83200000;83400000;17;a;0;0
2;83400000;83600000;52;a;0;0
2;83600000;83800000;17;a;0;0
2;83800000;84000000;26;a;0;0
2;84000000;84200000;26;a;0;0
2;84200000;84400000;20;a;0;0
2;84400000;84600000;6;a;0;0
2;84600000;84800000;5;a;0;0
2;84800000;85000000;14;a;0;0
2;85000000;85200000;24;a;0;0
2;85200000;85400000;5;a;0;0
2;85400000;85600000;1;a;0;0
2;85600000;85800000;5;a;0;0
2;85800000;86000000;27;a;0;0
2;86000000;86200000;76;a;0;0
2;86200000;86400000;66;a;0;0
2;86400000;86600000;29;a;0;0
2;86600000;86800000;13;a;0;0
2;86800000;87000000;15;a;0;0
2;87000000;87200000;12;a;0;0
2;87200000;87400000;10;a;0;0
2;87400000;87600000;28;a;0;0
2;87600000;87800000;91;a;0;0
2;87800000;88000000;74;a;0;0
2;88000000;88200000;76;a;0;0
2;88200000;88400000;71;a;0;0
2;88400000;88600000;88;a;0;0
2;88600000;88800000;77;a;0;0
2;88800000;89000000;79;a;0;0
2;89000000;89200000;65;a;0;0
2;89200000;89400000;56;a;0;0
2;89400000;89600000;63;a;0;0
2;89600000;89800000;67;a;0;0
2;89800000;90000000;64;a;0;0
2;90000000;90200000;12;a;0;0
2;90200000;90400000;4;a;0;0
2;90400000;90600000;5;a;0;0
2;90600000;90800000;3;a;0;0
2;90800000;91000000;9;a;0;0
2;91000000;91200000;4;a;0;0
2;91200000;91400000;3;a;0;0
2;91400000;91600000;4;a;0;0
2;91600000;91800000;12;a;0;0
2;91800000;92000000;4;a;0;0
2;92000000;92200000;19;a;0;0
2;92200000;92400000;3;a;0;0
2;92400000;92600000;0;a;0;0
2;92600000;92800000;2;a;0;0
2;92800000;93000000;1;a;0;0
2;93000000;93200000;2;a;0;0
2;93200000;93400000;2;a;0;0
2;93400000;93600000;14;a;0;0
2;93600000;93800000;6;a;0;0
2;93800000;94000000;24;a;0;0
2;94000000;94200000;6;a;0;0
3;0;200000;0;a;0;0
3;200000;400000;1;a;0;0
3;400000;600000;0;a;0;0
3;600000;800000;1;a;0;0
3;800000;1000000;8;a;0;0
3;1000000;1200000;3;a;0;0
3;1200000;1400000;3;a;0;0
3;1400000;1600000;4;a;0;0
3;1600000;1800000;2;a;0;0
3;1800000;2000000;0;a;0;0
3;2000000;2200000;1;a;0;0
3;2200000;2400000;7;a;0;0
3;2400000;2600000;27;a;0;0
3;2600000;2800000;68;a;0;0
3;2800000;3000000;2;a;0;0
3;3000000;3200000;0;a;0;0
3;3200000;3400000;0;a;0;0
3;3400000;3600000;2;a;0;0
3;3600000;3800000;52;a;0;0
3;3800000;4000000;34;a;0;0
3;4000000;4200000;1;a;0;0
3;4200000;4400000;6;a;0;0
3;4400000;4600000;13;a;0;0
3;4600000;4800000;6;a;0;0
3;4800000;5000000;1;a;0;0
3;5000000;5200000;16;a;0;0
3;5200000;5400000;7;a;0;0
3;5400000;5600000;21;a;0;0
3;5600000;5800000;3;a;0;0
3;5800000;6000000;18;a;0;0
3;6000000;6200000;33;a;0;0
3;6200000;6400000;46;a;0;0
3;6400000;6600000;15;a;0;0
3;6600000;6800000;23;a;0;0
3;6800000;7000000;9;a;0;0
3;7000000;7200000;6;a;0;0
3;7200000;7400000;34;a;0;0
3;7400000;7600000;12;a;0;0
3;7600000;7800000;4;a;0;0
3;7800000;8000000;19;a;0;0
3;8000000;8200000;7;a;0;0
3;8200000;8400000;27;a;0;0
3;8400000;8600000;3;a;0;0
3;8600000;8800000;8;a;0;0
3;8800000;9000000;12;a;0;0
3;9000000;9200000;11;a;0;0
3;9200000;9400000;43;a;0;0
3;9400000;9600000;81;a;0;0
3;9600000;9800000;90;a;0;0
3;9800000;10000000;57;a;0;0
3;10000000;10200000;32;a;0;0
3;10200000;10400000;36;a;0;0
3;10400000;10600000;5;a;0;0
3;10600000;10800000;18;a;0;0
3;10800000;11000000;13;a;0;0
3;11000000;11200000;16;a;0;0
3;11200000;11400000;32;a;0;0
3;11400000;11600000;14;a;0;0
3;11600000;11800000;22;a;0;0
3;11800000;12000000;36;a;0;0
3;12000000;12200000;26;a;0;0
3;12200000;12400000;23;a;0;0
3;12400000;12600000;55;a;0;0
3;12600000;12800000;29;a;0;0
3;12800000;13000000;42;a;0;0
3;13000000;13200000;52;a;0;0
3;13200000;13400000;28;a;0;0
3;13400000;13600000;28;a;0;0
3;13600000;13800000;12;a;0;0
3;13800000;14000000;68;a;0;0
3;14000000;14200000;48;a;0;0
3;14200000;14400000;75;a;0;0
3;14400000;14600000;91;a;0;0
3;14600000;14800000;67;a;0;0
3;14800000;15000000;82;a;0;0
3;15000000;15200000;78;a;0;0
3;15200000;15400000;48;a;0;0
3;15400000;15600000;37;a;0;0
3;15600000;15800000;7;a;0;0
3;15800000;16000000;31;a;0;0
3;16000000;16200000;37;a;0;0
3;16200000;16400000;60;a;0;0
3;16400000;16600000;36;a;0;0
3;16600000;16800000;39;a;0;0
3;16800000;17000000;25;a;0;0
3;17000000;17200000;27;a;0;0
3;17200000;17400000;38;a;0;0
3;17400000;17600000;33;a;0;0
3;17600000;17800000;19;a;0;0
3;17800000;18000000;35;a;0;0
3;18000000;18200000;62;a;0;0
3;18200000;18400000;31;a;0;0
3;18400000;18600000;26;a;0;0
3;18600000;18800000;80;a;0;0
3;18800000;19000000;45;a;0;0
3;19000000;19200000;3;a;0;0
3;19200000;19400000;55;a;0;0
3;19400000;19600000;87;a;0;0
3;19600000;19800000;33;a;0;0
3;19800000;20000000;18;a;0;0
3;20000000;20200000;16;a;0;0
3;20200000;20400000;14;a;0;0
3;20400000;20600000;12;a;0;0
3;20600000;20800000;39;a;0;0
3;20800000;21000000;33;a;0;0
3;21000000;21200000;45;a;0;0
3;21200000;21400000;23;a;0;0
3;21400000;21600000;23;a;0;0
3;21600000;21800000;17;a;0;0
3;21800000;22000000;29;a;0;0
3;22000000;22200000;37;a;0;0
3;22200000;22400000;31;a;0;0
3;22400000;22600000;32;a;0;0
3;22600000;22800000;43;a;0;0
3;22800000;23000000;26;a;0;0
3;23000000;23200000;62;a;0;0
3;23200000;23400000;57;a;0;0
3;23400000;23600000;49;a;0;0
3;23600000;23800000;60;a;0;0
3;23800000;24000000;73;a;0;0
3;24000000;24200000;37;a;0;0
3;24200000;24400000;47;a;0;0
3;24400000;24600000;49;a;0;0
3;24600000;24800000;70;a;0;0
3;24800000;25000000;35;a;0;0
3;25000000;25200000;89;a;0;0
3;25200000;25400000;68;a;0;0
3;25400000;25600000;49;a;0;0
3;25600000;25800000;50;a;0;0
3;25800000;26000000;54;a;0;0
3;26000000;26200000;67;a;0;0
3;26200000;26400000;26;a;0;0
3;26400000;26600000;47;a;0;0
3;26600000;26800000;36;a;0;0
3;26800000;27000000;60;a;0;0
3;27000000;27200000;77;a;0;0
3;27200000;27400000;37;a;0;0
3;27400000;27600000;40;a;0;0
3;27600000;27800000;54;a;0;0
3;27800000;28000000;68;a;0;0
3;28000000;28200000;77;a;0;0
3;28200000;28400000;87;a;0;0
3;28400000;28600000;73;a;0;0
3;28600000;28800000;86;a;0;0
3;28800000;29000000;82;a;0;0
3;29000000;29200000;93;a;0;0
3;29200000;29400000;95;a;0;0
3;29400000;29600000;92;a;0;0
3;29600000;29800000;76;a;0;0
3;29800000;30000000;94;a;0;0
3;30000000;30200000;88;a;0;0
3;30200000;30400000;89;a;0;0
3;30400000;30600000;83;a;0;0
3;30600000;30800000;80;a;0;0
3;30800000;31000000;73;a;0;0
3;31000000;31200000;95;a;0;0
3;31200000;31400000;91;a;0;0
3;31400000;31600000;58;a;0;0
3;31600000;31800000;63;a;0;0
3;31800000;32000000;69;a;0;0
3;32000000;32200000;92;a;0;0
3;32200000;32400000;80;a;0;0
3;32400000;32600000;51;a;0;0
3;32600000;32800000;65;a;0;0
3;32800000;33000000;82;a;0;0
3;33000000;33200000;95;a;0;0
3;33200000;33400000;79;a;0;0
3;33400000;33600000;64;a;0;0
3;33600000;33800000;64;a;0;0
3;33800000;34000000;60;a;0;0
3;34000000;34200000;77;a;0;0
3;34200000;34400000;71;a;0;0
3;34400000;34600000;71;a;0;0
3;34600000;34800000;80;a;0;0
3;34800000;35000000;62;a;0;0
3;35000000;35200000;73;a;0;0
3;35200000;35400000;41;a;0;0
3;35400000;35600000;60;a;0;0
3;35600000;35800000;43;a;0;0
3;35800000;36000000;68;a;0;0
3;36000000;36200000;74;a;0;0
3;36200000;36400000;95;a;0;0
3;36400000;36600000;73;a;0;0
3;36600000;36800000;72;a;0;0
3;36800000;37000000;89;a;0;0
3;37000000;37200000;58;a;0;0
3;37200000;37400000;82;a;0;0
3;37400000;37600000;83;a;0;0
3;37600000;37800000;58;a;0;0
3;37800000;38000000;81;a;0;0
3;38000000;38200000;42;a;0;0
3;38200000;38400000;52;a;0;0
3;38400000;38600000;32;a;0;0
3;38600000;38800000;37;a;0;0
3;38800000;39000000;39;a;0;0
3;39000000;39200000;87;a;0;0
3;39200000;39400000;75;a;0;0
3;39400000;39600000;29;a;0;0
3;39600000;39800000;16;a;0;0
3;39800000;40000000;38;a;0;0
3;40000000;40200000;24;a;0;0
3;40200000;40400000;43;a;0;0
3;40400000;40600000;78;a;0;0
3;40600000;40800000;23;a;0;0
3;40800000;41000000;33;a;0;0
3;41000000;41200000;33;a;0;0
3;41200000;41400000;43;a;0;0
3;41400000;41600000;46;a;0;0
3;41600000;41800000;39;a;0;0
3;41800000;42000000;50;a;0;0
3;42000000;42200000;69;a;0;0
3;42200000;42400000;53;a;0;0
3;42400000;42600000;81;a;0;0
3;42600000;42800000;66;a;0;0
3;42800000;43000000;59;a;0;0
3;43000000;43200000;56;a;0;0
3;43200000;43400000;49;a;0;0
3;43400000;43600000;44;a;0;0
3;43600000;43800000;47;a;0;0
3;43800000;44000000;52;a;0;0
3;44000000;44200000;40;a;0;0
3;44200000;44400000;32;a;0;0
3;44400000;44600000;21;a;0;0
3;44600000;44800000;20;a;0;0
3;44800000;45000000;27;a;0;0
3;45000000;45200000;39;a;0;0
3;45200000;45400000;61;a;0;0
3;45400000;45600000;39;a;0;0
3;45600000;45800000;33;a;0;0
3;45800000;46000000;37;a;0;0
3;46000000;46200000;67;a;0;0
3;46200000;46400000;74;a;0;0
3;46400000;46600000;42;a;0;0
3;46600000;46800000;30;a;0;0
3;46800000;47000000;75;a;0;0
3;47000000;47200000;37;a;0;0
3;47200000;47400000;35;a;0;0
3;47400000;47600000;38;a;0;0
3;47600000;47800000;44;a;0;0
3;47800000;48000000;49;a;0;0
3;48000000;48200000;55;a;0;0
3;48200000;48400000;38;a;0;0
3;48400000;48600000;46;a;0;0
3;48600000;48800000;27;a;0;0
3;48800000;49000000;15;a;0;0
3;49000000;49200000;51;a;0;0
3;49200000;49400000;40;a;0;0
3;49400000;49600000;51;a;0;0
3;49600000;49800000;37;a;0;0
3;49800000;50000000;35;a;0;0
3;50000000;50200000;40;a;0;0
3;50200000;50400000;41;a;0;0
3;50400000;50600000;43;a;0;0
3;50600000;50800000;24;a;0;0
3;50800000;51000000;30;a;0;0
3;51000000;51200000;14;a;0;0
3;51200000;51400000;32;a;0;0
3;51400000;51600000;24;a;0;0
3;51600000;51800000;30;a;0;0
3;51800000;52000000;14;a;0;0
3;52000000;52200000;15;a;0;0
3;52200000;52400000;22;a;0;0
3;52400000;52600000;29;a;0;0
3;52600000;52800000;38;a;0;0
3;52800000;53000000;27;a;0;0
3;53000000;53200000;34;a;0;0
3;53200000;53400000;6;a;0;0
3;53400000;53600000;64;a;0;0
3;53600000;53800000;90;a;0;0
3;53800000;54000000;59;a;0;0
3;54000000;54200000;49;a;0;0
3;54200000;54400000;47;a;0;0
3;54400000;54600000;14;a;0;0
3;54600000;54800000;16;a;0;0
4;0;200000;0;a;0;0
4;200000;400000;2;a;0;0
4;400000;600000;4;a;0;0
4;600000;800000;7;a;0;0
4;800000;1000000;9;a;0;0
4;1000000;1200000;6;a;0;0
4;1200000;1400000;5;a;0;0
4;1400000;1600000;2;a;0;0
4;1600000;1800000;1;a;0;0
4;1800000;2000000;6;a;0;0
4;2000000;2200000;1;a;0;0
4;2200000;2400000;4;a;0;0
4;2400000;2600000;1;a;0;0
4;2600000;2800000;0;a;0;0
4;2800000;3000000;15;a;0;0
4;3000000;3200000;3;a;0;0
4;3200000;3400000;5;a;0;0
4;3400000;3600000;3;a;0;0
4;3600000;3800000;5;a;0;0
4;3800000;4000000;2;a;0;0
4;4000000;4200000;0;a;0;0
4;4200000;4400000;8;a;0;0
4;4400000;4600000;0;a;0;0
4;4600000;4800000;0;a;0;0
4;4800000;5000000;6;a;0;0
4;5000000;5200000;5;a;0;0
4;5200000;5400000;1;a;0;0
4;5400000;5600000;5;a;0;0
4;5600000;5800000;5;a;0;0
4;5800000;6000000;2;a;0;0
4;6000000;6200000;2;a;0;0
4;6200000;6400000;1;a;0;0
4;6400000;6600000;17;a;0;0
4;6600000;6800000;7;a;0;0
4;6800000;7000000;17;a;0;0
4;7000000;7200000;15;a;0;0
4;7200000;7400000;21;a;0;0
4;7400000;7600000;6;a;0;0
4;7600000;7800000;23;a;0;0
4;7800000;8000000;2;a;0;0
4;8000000;8200000;17;a;0;0
4;8200000;8400000;11;a;0;0
4;8400000;8600000;6;a;0;0
4;8600000;8800000;2;a;0;0
4;8800000;9000000;6;a;0;0
4;9000000;9200000;8;a;0;0
4;9200000;9400000;1;a;0;0
4;9400000;9600000;3;a;0;0
4;9600000;9800000;35;a;0;0
4;9800000;10000000;22;a;0;0
4;10000000;10200000;14;a;0;0
4;10200000;10400000;7;a;0;0
4;10400000;10600000;10;a;0;0
4;10600000;10800000;12;a;0;0
4;10800000;11000000;19;a;0;0
4;11000000;11200000;43;a;0;0
4;11200000;11400000;11;a;0;0
4;11400000;11600000;31;a;0;0
4;11600000;11800000;14;a;0;0
4;11800000;12000000;48;a;0;0
4;12000000;12200000;16;a;0;0
4;12200000;12400000;26;a;0;0
4;12400000;12600000;6;a;0;0
4;12600000;12800000;9;a;0;0
4;12800000;13000000;24;a;0;0
4;13000000;13200000;37;a;0;0
4;13200000;13400000;76;a;0;0
4;13400000;13600000;77;a;0;0
4;13600000;13800000;32;a;0;0
4;13800000;14000000;18;a;0;0
4;14000000;14200000;9;a;0;0
4;14200000;14400000;59;a;0;0
4;14400000;14600000;27;a;0;0
4;14600000;14800000;11;a;0;0
4;14800000;15000000;33;a;0;0
4;15000000;15200000;56;a;0;0
4;15200000;15400000;35;a;0;0
4;15400000;15600000;17;a;0;0
4;15600000;15800000;28;a;0;0
4;15800000;16000000;16;a;0;0
4;16000000;16200000;37;a;0;0
4;16200000;16400000;15;a;0;0
4;16400000;16600000;38;a;0;0
4;16600000;16800000;63;a;0;0
4;16800000;17000000;33;a;0;0
4;17000000;17200000;34;a;0;0
4;17200000;17400000;49;a;0;0
4;17400000;17600000;50;a;0;0
4;17600000;17800000;22;a;0;0
4;17800000;18000000;29;a;0;0
4;18000000;18200000;36;a;0;0
4;18200000;18400000;69;a;0;0
4;18400000;18600000;66;a;0;0
4;18600000;18800000;35;a;0;0
4;18800000;19000000;27;a;0;0
4;19000000;19200000;47;a;0;0
4;19200000;19400000;34;a;0;0
4;19400000;19600000;32;a;0;0
4;19600000;19800000;45;a;0;0
4;19800000;20000000;79;a;0;0
4;20000000;20200000;43;a;0;0
4;20200000;20400000;61;a;0;0
4;20400000;20600000;59;a;0;0
4;20600000;20800000;62;a;0;0
4;20800000;21000000;66;a;0;0
4;21000000;21200000;55;a;0;0
4;21200000;21400000;76;a;0;0
4;21400000;21600000;89;a;0;0
4;21600000;21800000;97;a;0;0
4;21800000;22000000;67;a;0;0
4;22000000;22200000;68;a;0;0
4;22200000;22400000;94;a;0;0
4;22400000;22600000;92;a;0;0
4;22600000;22800000;62;a;0;0
4;22800000;23000000;88;a;0;0
4;23000000;23200000;66;a;0;0
4;23200000;23400000;87;a;0;0
4;23400000;23600000;86;a;0;0
4;23600000;23800000;79;a;0;0
4;23800000;24000000;82;a;0;0
4;24000000;24200000;52;a;0;0
4;24200000;24400000;78;a;0;0
4;24400000;24600000;81;a;0;0
4;24600000;24800000;94;a;0;0
4;24800000;25000000;76;a;0;0
4;25000000;25200000;72;a;0;0
4;25200000;25400000;66;a;0;0
4;25400000;25600000;82;a;0;0
4;25600000;25800000;93;a;0;0
4;25800000;26000000;93;a;0;0
4;26000000;26200000;63;a;0;0
4;26200000;26400000;41;a;0;0
4;26400000;26600000;78;a;0;0
4;26600000;26800000;73;a;0;0
4;26800000;27000000;87;a;0;0
4;27000000;27200000;76;a;0;0
4;27200000;27400000;83;a;0;0
4;27400000;27600000;72;a;0;0
4;27600000;27800000;81;a;0;0
4;27800000;28000000;88;a;0;0
4;28000000;28200000;79;a;0;0
4;28200000;28400000;93;a;0;0
4;28400000;28600000;85;a;0;0
4;28600000;28800000;58;a;0;0
4;28800000;29000000;87;a;0;0
4;29000000;29200000;95;a;0;0
4;29200000;29400000;83;a;0;0
4;29400000;29600000;89;a;0;0
4;29600000;29800000;70;a;0;0
4;29800000;30000000;90;a;0;0
4;30000000;30200000;80;a;0;0
4;30200000;30400000;56;a;0;0
4;30400000;30600000;80;a;0;0
4;30600000;30800000;83;a;0;0
4;30800000;31000000;86;a;0;0
4;31000000;31200000;87;a;0;0
4;31200000;31400000;72;a;0;0
4;31400000;31600000;86;a;0;0
4;31600000;31800000;71;a;0;0
4;31800000;32000000;79;a;0;0
4;32000000;32200000;87;a;0;0
4;32200000;32400000;95;a;0;0
4;32400000;32600000;74;a;0;0
4;32600000;32800000;90;a;0;0
4;32800000;33000000;88;a;0;0
4;33000000;33200000;72;a;0;0
4;33200000;33400000;75;a;0;0
4;33400000;33600000;52;a;0;0
4;33600000;33800000;88;a;0;0
4;33800000;34000000;88;a;0;0
4;34000000;34200000;63;a;0;0
4;34200000;34400000;80;a;0;0
4;34400000;34600000;96;a;0;0
4;34600000;34800000;91;a;0;0
4;34800000;35000000;94;a;0;0
4;35000000;35200000;94;a;0;0
4;35200000;35400000;77;a;0;0
4;35400000;35600000;58;a;0;0
4;35600000;35800000;79;a;0;0
4;35800000;36000000;95;a;0;0
4;36000000;36200000;89;a;0;0
4;36200000;36400000;72;a;0;0
4;36400000;36600000;57;a;0;0
4;36600000;36800000;76;a;0;0
4;36800000;37000000;84;a;0;0
4;37000000;37200000;83;a;0;0
4;37200000;37400000;62;a;0;0
4;37400000;37600000;74;a;0;0
4;37600000;37800000;79;a;0;0
4;37800000;38000000;51;a;0;0
4;38000000;38200000;74;a;0;0
4;38200000;38400000;67;a;0;0
4;38400000;38600000;67;a;0;0
4;38600000;38800000;72;a;0;0
4;38800000;39000000;57;a;0;0
4;39000000;39200000;66;a;0;0
4;39200000;39400000;77;a;0;0
4;39400000;39600000;87;a;0;0
4;39600000;39800000;80;a;0;0
4;39800000;40000000;34;a;0;0
4;40000000;40200000;47;a;0;0
4;40200000;40400000;29;a;0;0
4;40400000;40600000;31;a;0;0
4;40600000;40800000;53;a;0;0
4;40800000;41000000;70;a;0;0
4;41000000;41200000;65;a;0;0
4;41200000;41400000;65;a;0;0
4;41400000;41600000;80;a;0;0
4;41600000;41800000;89;a;0;0
4;41800000;42000000;92;a;0;0
4;42000000;42200000;44;a;0;0
4;42200000;42400000;45;a;0;0
4;42400000;42600000;80;a;0;0
4;42600000;42800000;83;a;0;0
4;42800000;43000000;62;a;0;0
4;43000000;43200000;34;a;0;0
4;43200000;43400000;44;a;0;0
4;43400000;43600000;60;a;0;0
4;43600000;43800000;61;a;0;0
4;43800000;44000000;45;a;0;0
4;44000000;44200000;16;a;0;0
4;44200000;44400000;63;a;0;0
4;44400000;44600000;60;a;0;0
4;44600000;44800000;40;a;0;0
4;44800000;45000000;20;a;0;0
4;45000000;45200000;20;a;0;0
4;45200000;45400000;22;a;0;0
4;45400000;45600000;31;a;0;0
4;45600000;45800000;14;a;0;0
4;45800000;46000000;42;a;0;0
4;46000000;46200000;28;a;0;0
4;46200000;46400000;39;a;0;0
4;46400000;46600000;57;a;0;0
4;46600000;46800000;24;a;0;0
4;46800000;47000000;13;a;0;0
4;47000000;47200000;38;a;0;0
4;47200000;47400000;8;a;0;0
4;47400000;47600000;3;a;0;0
4;47600000;47800000;20;a;0;0
4;47800000;48000000;10;a;0;0
4;48000000;48200000;16;a;0;0
4;48200000;48400000;24;a;0;0
4;48400000;48600000;63;a;0;0
4;48600000;48800000;9;a;0;0
4;48800000;49000000;22;a;0;0
4;49000000;49200000;18;a;0;0
4;49200000;49400000;3;a;0;0
4;49400000;49600000;6;a;0;0
5;0;200000;0;a;0;0
5;200000;400000;22;a;0;0
5;400000;600000;17;a;0;0
5;600000;800000;34;a;0;0
5;800000;1000000;42;a;0;0
5;1000000;1200000;61;a;0;0
5;1200000;1400000;29;a;0;0
5;1400000;1600000;47;a;0;0
5;1600000;1800000;66;a;0;0
5;1800000;2000000;32;a;0;0
5;2000000;2200000;12;a;0;0
5;2200000;2400000;51;a;0;0
5;2400000;2600000;48;a;0;0
5;2600000;2800000;43;a;0;0
5;2800000;3000000;44;a;0;0
5;3000000;3200000;20;a;0;0
5;3200000;3400000;43;a;0;0
5;3400000;3600000;36;a;0;0
5;3600000;3800000;31;a;0;0
5;3800000;4000000;31;a;0;0
5;4000000;4200000;32;a;0;0
5;4200000;4400000;42;a;0;0
5;4400000;4600000;53;a;0;0
5;4600000;4800000;58;a;0;0
5;4800000;5000000;41;a;0;0
5;5000000;5200000;47;a;0;0
5;5200000;5400000;45;a;0;0
5;5400000;5600000;87;a;0;0
5;5600000;5800000;43;a;0;0
5;5800000;6000000;46;a;0;0
5;6000000;6200000;53;a;0;0
5;6200000;6400000;57;a;0;0
5;6400000;6600000;71;a;0;0
5;6600000;6800000;73;a;0;0
5;6800000;7000000;74;a;0;0
5;7000000;7200000;56;a;0;0
5;7200000;7400000;41;a;0;0
5;7400000;7600000;48;a;0;0
5;7600000;7800000;40;a;0;0
5;7800000;8000000;83;a;0;0
5;8000000;8200000;64;a;0;0
5;8200000;8400000;86;a;0;0
5;8400000;8600000;52;a;0;0
5;8600000;8800000;77;a;0;0
5;8800000;9000000;76;a;0;0
5;9000000;9200000;69;a;0;0
5;9200000;9400000;71;a;0;0
5;9400000;9600000;88;a;0;0
5;9600000;9800000;73;a;0;0
5;9800000;10000000;62;a;0;0
5;10000000;10200000;74;a;0;0
5;10200000;10400000;69;a;0;0
5;10400000;10600000;72;a;0;0
5;10600000;10800000;80;a;0;0
5;10800000;11000000;23;a;0;0
5;11000000;11200000;74;a;0;0
5;11200000;11400000;57;a;0;0
5;11400000;11600000;45;a;0;0
5;11600000;11800000;56;a;0;0
5;11800000;12000000;63;a;0;0
5;12000000;12200000;73;a;0;0
5;12200000;12400000;93;a;0;0
5;12400000;12600000;65;a;0;0
5;12600000;12800000;78;a;0;0
5;12800000;13000000;43;a;0;0
5;13000000;13200000;79;a;0;0
5;13200000;13400000;68;a;0;0
5;13400000;13600000;96;a;0;0
5;13600000;13800000;85;a;0;0
5;13800000;14000000;84;a;0;0
5;14000000;14200000;57;a;0;0
5;14200000;14400000;64;a;0;0
5;14400000;14600000;79;a;0;0
5;14600000;14800000;71;a;0;0
5;14800000;15000000;76;a;0;0
5;15000000;15200000;94;a;0;0
5;15200000;15400000;59;a;0;0
5;15400000;15600000;78;a;0;0
5;15600000;15800000;79;a;0;0
5;15800000;16000000;95;a;0;0
5;16000000;16200000;90;a;0;0
5;16200000;16400000;88;a;0;0
5;16400000;16600000;94;a;0;0
5;16600000;16800000;91;a;0;0
5;16800000;17000000;91;a;0;0
5;17000000;17200000;84;a;0;0
5;17200000;17400000;83;a;0;0
5;17400000;17600000;91;a;0;0
5;17600000;17800000;92;a;0;0
5;17800000;18000000;80;a;0;0
5;18000000;18200000;96;a;0;0
5;18200000;18400000;84;a;0;0
5;18400000;18600000;85;a;0;0
5;18600000;18800000;89;a;0;0
5;18800000;19000000;85;a;0;0
5;19000000;19200000;78;a;0;0
5;19200000;19400000;80;a;0;0
5;19400000;19600000;65;a;0;0
5;19600000;19800000;59;a;0;0
5;19800000;20000000;54;a;0;0
5;20000000;20200000;47;a;0;0
5;20200000;20400000;60;a;0;0
5;20400000;20600000;56;a;0;0
5;20600000;20800000;49;a;0;0
5;20800000;21000000;60;a;0;0
5;21000000;21200000;42;a;0;0
5;21200000;21400000;32;a;0;0
5;21400000;21600000;57;a;0;0
5;21600000;21800000;61;a;0;0
5;21800000;22000000;73;a;0;0
5;22000000;22200000;59;a;0;0
5;22200000;22400000;49;a;0;0
5;22400000;22600000;48;a;0;0
5;22600000;22800000;61;a;0;0
5;22800000;23000000;60;a;0;0
5;23000000;23200000;62;a;0;0
5;23200000;23400000;50;a;0;0
5;23400000;23600000;29;a;0;0
5;23600000;23800000;97;a;0;0
5;23800000;24000000;97;a;0;0
5;24000000;24200000;90;a;0;0
5;24200000;24400000;44;a;0;0
5;24400000;24600000;52;a;0;0
5;24600000;24800000;49;a;0;0
5;24800000;25000000;63;a;0;0
5;25000000;25200000;38;a;0;0
5;25200000;25400000;62;a;0;0
5;25400000;25600000;66;a;0;0
5;25600000;25800000;78;a;0;0
5;25800000;26000000;50;a;0;0
5;26000000;26200000;54;a;0;0
5;26200000;26400000;49;a;0;0
5;26400000;26600000;46;a;0;0
5;26600000;26800000;53;a;0;0
5;26800000;27000000;34;a;0;0
5;27000000;27200000;51;a;0;0
5;27200000;27400000;44;a;0;0
5;27400000;27600000;39;a;0;0
5;27600000;27800000;70;a;0;0
5;27800000;28000000;41;a;0;0
5;28000000;28200000;25;a;0;0
5;28200000;28400000;29;a;0;0
5;28400000;28600000;41;a;0;0
5;28600000;28800000;38;a;0;0
5;28800000;29000000;34;a;0;0
5;29000000;29200000;38;a;0;0
5;29200000;29400000;27;a;0;0
5;29400000;29600000;29;a;0;0
5;29600000;29800000;17;a;0;0
5;29800000;30000000;28;a;0;0
5;30000000;30200000;72;a;0;0
5;30200000;30400000;27;a;0;0
5;30400000;30600000;45;a;0;0
5;30600000;30800000;24;a;0;0
5;30800000;31000000;56;a;0;0
5;31000000;31200000;37;a;0;0
5;31200000;31400000;43;a;0;0
5;31400000;31600000;35;a;0;0
5;31600000;31800000;52;a;0;0
5;31800000;32000000;50;a;0;0
5;32000000;32200000;29;a;0;0
5;32200000;32400000;66;a;0;0
5;32400000;32600000;35;a;0;0
5;32600000;32800000;35;a;0;0
5;32800000;33000000;41;a;0;0
5;33000000;33200000;47;a;0;0
5;33200000;33400000;66;a;0;0
5;33400000;33600000;76;a;0;0
5;33600000;33800000;34;a;0;0
5;33800000;34000000;26;a;0;0
5;34000000;34200000;12;a;0;0
5;34200000;34400000;28;a;0;0
5;34400000;34600000;50;a;0;0
5;34600000;34800000;23;a;0;0
5;34800000;35000000;45;a;0;0
5;35000000;35200000;35;a;0;0
5;35200000;35400000;23;a;0;0
5;35400000;35600000;32;a;0;0
5;35600000;35800000;34;a;0;0
5;35800000;36000000;25;a;0;0
5;36000000;36200000;54;a;0;0
5;36200000;36400000;43;a;0;0
5;36400000;36600000;29;a;0;0
5;36600000;36800000;11;a;0;0
5;36800000;37000000;27;a;0;0
5;37000000;37200000;10;a;0;0
5;37200000;37400000;18;a;0;0
5;37400000;37600000;17;a;0;0
5;37600000;37800000;28;a;0;0
5;37800000;38000000;5;a;0;0
5;38000000;38200000;37;a;0;0
5;38200000;38400000;25;a;0;0
5;38400000;38600000;18;a;0;0
5;38600000;38800000;41;a;0;0
5;38800000;39000000;13;a;0;0
5;39000000;39200000;10;a;0;0
5;39200000;39400000;15;a;0;0
5;39400000;39600000;1;a;0;0
5;39600000;39800000;81;a;0;0
5;39800000;40000000;76;a;0;0
5;40000000;40200000;53;a;0;0
5;40200000;40400000;1;a;0;0
5;40400000;40600000;9;a;0;0
5;40600000;40800000;17;a;0;0
5;40800000;41000000;6;a;0;0
5;41000000;41200000;24;a;0;0
5;41200000;41400000;41;a;0;0
5;41400000;41600000;18;a;0;0
5;41600000;41800000;2;a;0;0
5;41800000;42000000;3;a;0;0
5;42000000;42200000;19;a;0;0
5;42200000;42400000;46;a;0;0
5;42400000;42600000;21;a;0;0
5;42600000;42800000;7;a;0;0
5;42800000;43000000;7;a;0;0
5;43000000;43200000;22;a;0;0
5;43200000;43400000;75;a;0;0
5;43400000;43600000;27;a;0;0
5;43600000;43800000;3;a;0;0
5;43800000;44000000;14;a;0;0
5;44000000;44200000;5;a;0;0
5;44200000;44400000;58;a;0;0
5;44400000;44600000;29;a;0;0
5;44600000;44800000;5;a;0;0
5;44800000;45000000;1;a;0;0
5;45000000;45200000;4;a;0;0
5;45200000;45400000;3;a;0;0
5;45400000;45600000;2;a;0;0
5;45600000;45800000;1;a;0;0
5;45800000;46000000;5;a;0;0
5;46000000;46200000;2;a;0;0
5;46200000;46400000;6;a;0;0
5;46400000;46600000;6;a;0;0
5;46600000;46800000;1;a;0;0
5;46800000;47000000;3;a;0;0
5;47000000;47200000;7;a;0;0
5;47200000;47400000;2;a;0;0
5;47400000;47600000;2;a;0;0
5;47600000;47800000;4;a;0;0
5;47800000;48000000;2;a;0;0
5;48000000;48200000;9;a;0;0
5;48200000;48400000;1;a;0;0
5;48400000;48600000;1;a;0;0
5;48600000;48800000;4;a;0;0
5;48800000;49000000;6;a;0;0
6;0;200000;0;a;0;0
6;200000;400000;12;a;0;0
6;400000;600000;3;a;0;0
6;600000;800000;12;a;0;0
6;800000;1000000;9;a;0;0
6;1000000;1200000;25;a;0;0
6;1200000;1400000;2;a;0;0
6;1400000;1600000;9;a;0;0
6;1600000;1800000;7;a;0;0
6;1800000;2000000;4;a;0;0
6;2000000;2200000;10;a;0;0
6;2200000;2400000;6;a;0;0
6;2400000;2600000;0;a;0;0
6;2600000;2800000;1;a;0;0
6;2800000;3000000;2;a;0;0
6;3000000;3200000;3;a;0;0
6;3200000;3400000;2;a;0;0
6;3400000;3600000;16;a;0;0
6;3600000;3800000;1;a;0;0
6;3800000;4000000;5;a;0;0
6;4000000;4200000;4;a;0;0
6;4200000;4400000;6;a;0;0
6;4400000;4600000;4;a;0;0
6;4600000;4800000;12;a;0;0
6;4800000;5000000;4;a;0;0
6;5000000;5200000;6;a;0;0
6;5200000;5400000;32;a;0;0
6;5400000;5600000;7;a;0;0
6;5600000;5800000;1;a;0;0
6;5800000;6000000;2;a;0;0
6;6000000;6200000;5;a;0;0
6;6200000;6400000;5;a;0;0
6;6400000;6600000;4;a;0;0
6;6600000;6800000;9;a;0;0
6;6800000;7000000;6;a;0;0
6;7000000;7200000;2;a;0;0
6;7200000;7400000;7;a;0;0
6;7400000;7600000;1;a;0;0
6;7600000;7800000;0;a;0;0
6;7800000;8000000;15;a;0;0
6;8000000;8200000;1;a;0;0
6;8200000;8400000;7;a;0;0
6;8400000;8600000;8;a;0;0
6;8600000;8800000;2;a;0;0
6;8800000;9000000;1;a;0;0
6;9000000;9200000;9;a;0;0
6;9200000;9400000;12;a;0;0
6;9400000;9600000;1;a;0;0
6;9600000;9800000;2;a;0;0
6;9800000;10000000;3;a;0;0
6;10000000;10200000;1;a;0;0
6;10200000;10400000;7;a;0;0
6;10400000;10600000;8;a;0;0
6;10600000;10800000;3;a;0;0
6;10800000;11000000;4;a;0;0
6;11000000;11200000;53;a;0;0
6;11200000;11400000;25;a;0;0
6;11400000;11600000;23;a;0;0
6;11600000;11800000;3;a;0;0
6;11800000;12000000;4;a;0;0
6;12000000;12200000;12;a;0;0
6;12200000;12400000;9;a;0;0
6;12400000;12600000;3;a;0;0
6;12600000;12800000;9;a;0;0
6;12800000;13000000;8;a;0;0
6;13000000;13200000;10;a;0;0
6;13200000;13400000;3;a;0;0
6;13400000;13600000;1;a;0;0
6;13600000;13800000;8;a;0;0
6;13800000;14000000;17;a;0;0
6;14000000;14200000;1;a;0;0
6;14200000;14400000;5;a;0;0
6;14400000;14600000;2;a;0;0
6;14600000;14800000;6;a;0;0
6;14800000;15000000;5;a;0;0
6;15000000;15200000;13;a;0;0
6;15200000;15400000;13;a;0;0
6;15400000;15600000;11;a;0;0
6;15600000;15800000;1;a;0;0
6;15800000;16000000;3;a;0;0
6;16000000;16200000;10;a;0;0
6;16200000;16400000;38;a;0;0
6;16400000;16600000;17;a;0;0
6;16600000;16800000;4;a;0;0
6;16800000;17000000;5;a;0;0
6;17000000;17200000;15;a;0;0
6;17200000;17400000;49;a;0;0
6;17400000;17600000;34;a;0;0
6;17600000;17800000;30;a;0;0
6;17800000;18000000;16;a;0;0
6;18000000;18200000;14;a;0;0
6;18200000;18400000;26;a;0;0
6;18400000;18600000;10;a;0;0
6;18600000;18800000;11;a;0;0
6;18800000;19000000;6;a;0;0
6;19000000;19200000;10;a;0;0
6;19200000;19400000;16;a;0;0
6;19400000;19600000;37;a;0;0
6;19600000;19800000;75;a;0;0
6;19800000;20000000;82;a;0;0
6;20000000;20200000;30;a;0;0
6;20200000;20400000;22;a;0;0
6;20400000;20600000;92;a;0;0
6;20600000;20800000;18;a;0;0
6;20800000;21000000;14;a;0;0
6;21000000;21200000;25;a;0;0
6;21200000;21400000;29;a;0;0
6;21400000;21600000;60;a;0;0
6;21600000;21800000;21;a;0;0
6;21800000;22000000;17;a;0;0
6;22000000;22200000;35;a;0;0
6;22200000;22400000;25;a;0;0
6;22400000;22600000;44;a;0;0
6;22600000;22800000;65;a;0;0
6;22800000;23000000;32;a;0;0
6;23000000;23200000;22;a;0;0
6;23200000;23400000;48;a;0;0
6;23400000;23600000;38;a;0;0
6;23600000;23800000;25;a;0;0
6;23800000;24000000;41;a;0;0
6;24000000;24200000;15;a;0;0
6;24200000;24400000;20;a;0;0
6;24400000;24600000;48;a;0;0
6;24600000;24800000;39;a;0;0
6;24800000;25000000;46;a;0;0
6;25000000;25200000;26;a;0;0
6;25200000;25400000;44;a;0;0
6;25400000;25600000;45;a;0;0
6;25600000;25800000;29;a;0;0
6;25800000;26000000;54;a;0;0
6;26000000;26200000;45;a;0;0
6;26200000;26400000;74;a;0;0
6;26400000;26600000;40;a;0;0
6;26600000;26800000;28;a;0;0
6;26800000;27000000;49;a;0;0
6;27000000;27200000;56;a;0;0
6;27200000;27400000;69;a;0;0
6;27400000;27600000;57;a;0;0
6;27600000;27800000;33;a;0;0
6;27800000;28000000;30;a;0;0
6;28000000;28200000;47;a;0;0
6;28200000;28400000;46;a;0;0
6;28400000;28600000;47;a;0;0
6;28600000;28800000;51;a;0;0
6;28800000;29000000;74;a;0;0
6;29000000;29200000;63;a;0;0
6;29200000;29400000;61;a;0;0
6;29400000;29600000;54;a;0;0
6;29600000;29800000;97;a;0;0
6;29800000;30000000;84;a;0;0
6;30000000;30200000;62;a;0;0
6;30200000;30400000;83;a;0;0
6;30400000;30600000;87;a;0;0
6;30600000;30800000;81;a;0;0
6;30800000;31000000;64;a;0;0
6;31000000;31200000;63;a;0;0
6;31200000;31400000;62;a;0;0
6;31400000;31600000;53;a;0;0
6;31600000;31800000;69;a;0;0
6;31800000;32000000;66;a;0;0
6;32000000;32200000;60;a;0;0
6;32200000;32400000;85;a;0;0
6;32400000;32600000;92;a;0;0
6;32600000;32800000;65;a;0;0
6;32800000;33000000;70;a;0;0
6;33000000;33200000;80;a;0;0
6;33200000;33400000;84;a;0;0
6;33400000;33600000;69;a;0;0
6;33600000;33800000;85;a;0;0
6;33800000;34000000;77;a;0;0
6;34000000;34200000;62;a;0;0
6;34200000;34400000;33;a;0;0
6;34400000;34600000;72;a;0;0
6;34600000;34800000;45;a;0;0
6;34800000;35000000;85;a;0;0
6;35000000;35200000;79;a;0;0
6;35200000;35400000;84;a;0;0
6;35400000;35600000;65;a;0;0
6;35600000;35800000;84;a;0;0
6;35800000;36000000;92;a;0;0
6;36000000;36200000;82;a;0;0
6;36200000;36400000;53;a;0;0
6;36400000;36600000;82;a;0;0
6;36600000;36800000;55;a;0;0
6;36800000;37000000;89;a;0;0
6;37000000;37200000;82;a;0;0
6;37200000;37400000;92;a;0;0
6;37400000;37600000;68;a;0;0
6;37600000;37800000;91;a;0;0
6;37800000;38000000;73;a;0;0
6;38000000;38200000;93;a;0;0
6;38200000;38400000;90;a;0;0
6;38400000;38600000;91;a;0;0
6;38600000;38800000;81;a;0;0
6;38800000;39000000;96;a;0;0
6;39000000;39200000;89;a;0;0
6;39200000;39400000;92;a;0;0
6;39400000;39600000;85;a;0;0
6;39600000;39800000;91;a;0;0
6;39800000;40000000;89;a;0;0
6;40000000;40200000;95;a;0;0
6;40200000;40400000;85;a;0;0
6;40400000;40600000;64;a;0;0
6;40600000;40800000;94;a;0;0
6;40800000;41000000;82;a;0;0
6;41000000;41200000;92;a;0;0
6;41200000;41400000;97;a;0;0
6;41400000;41600000;96;a;0;0
6;41600000;41800000;90;a;0;0
6;41800000;42000000;94;a;0;0
6;42000000;42200000;83;a;0;0
6;42200000;42400000;93;a;0;0
6;42400000;42600000;87;a;0;0
6;42600000;42800000;80;a;0;0
6;42800000;43000000;41;a;0;0
6;43000000;43200000;62;a;0;0
6;43200000;43400000;88;a;0;0
6;43400000;43600000;93;a;0;0
6;43600000;43800000;84;a;0;0
6;43800000;44000000;91;a;0;0
6;44000000;44200000;75;a;0;0
6;44200000;44400000;97;a;0;0
6;44400000;44600000;97;a;0;0
6;44600000;44800000;88;a;0;0
6;44800000;45000000;68;a;0;0
6;45000000;45200000;71;a;0;0
6;45200000;45400000;86;a;0;0
6;45400000;45600000;91;a;0;0
6;45600000;45800000;89;a;0;0
6;45800000;46000000;88;a;0;0
6;46000000;46200000;72;a;0;0
6;46200000;46400000;76;a;0;0
6;46400000;46600000;85;a;0;0
6;46600000;46800000;79;a;0;0
6;46800000;47000000;72;a;0;0
6;47000000;47200000;74;a;0;0
6;47200000;47400000;82;a;0;0
6;47400000;47600000;88;a;0;0
6;47600000;47800000;82;a;0;0
6;47800000;48000000;79;a;0;0
6;48000000;48200000;86;a;0;0
6;48200000;48400000;81;a;0;0
6;48400000;48600000;68;a;0;0
6;48600000;48800000;59;a;0;0
6;48800000;49000000;61;a;0;0
6;49000000;49200000;51;a;0;0
6;49200000;49400000;63;a;0;0
6;49400000;49600000;60;a;0;0
6;49600000;49800000;46;a;0;0
6;49800000;50000000;69;a;0;0
6;50000000;50200000;75;a;0;0
6;50200000;50400000;85;a;0;0
6;50400000;50600000;64;a;0;0
6;50600000;50800000;59;a;0;0
6;50800000;51000000;50;a;0;0
6;51000000;51200000;57;a;0;0
6;51200000;51400000;47;a;0;0
6;51400000;51600000;34;a;0;0
6;51600000;51800000;45;a;0;0
6;51800000;52000000;54;a;0;0
6;52000000;52200000;72;a;0;0
6;52200000;52400000;90;a;0;0
6;52400000;52600000;86;a;0;0
6;52600000;52800000;67;a;0;0
6;52800000;53000000;29;a;0;0
6;53000000;53200000;33;a;0;0
6;53200000;53400000;48;a;0;0
6;53400000;53600000;15;a;0;0
6;53600000;53800000;27;a;0;0
6;53800000;54000000;60;a;0;0
6;54000000;54200000;33;a;0;0
6;54200000;54400000;43;a;0;0
6;54400000;54600000;28;a;0;0
6;54600000;54800000;29;a;0;0
6;54800000;55000000;85;a;0;0
6;55000000;55200000;81;a;0;0
6;55200000;55400000;77;a;0;0
6;55400000;55600000;49;a;0;0
6;55600000;55800000;38;a;0;0
6;55800000;56000000;66;a;0;0
6;56000000;56200000;55;a;0;0
6;56200000;56400000;43;a;0;0
6;56400000;56600000;45;a;0;0
6;56600000;56800000;25;a;0;0
6;56800000;57000000;56;a;0;0
6;57000000;57200000;58;a;0;0
6;57200000;57400000;35;a;0;0
6;57400000;57600000;67;a;0;0
6;57600000;57800000;78;a;0;0
6;57800000;58000000;51;a;0;0
6;58000000;58200000;50;a;0;0
6;58200000;58400000;30;a;0;0
6;58400000;58600000;45;a;0;0
6;58600000;58800000;34;a;0;0
6;58800000;59000000;27;a;0;0
6;59000000;59200000;26;a;0;0
6;59200000;59400000;34;a;0;0
6;59400000;59600000;42;a;0;0
6;59600000;59800000;66;a;0;0
6;59800000;60000000;53;a;0;0
6;60000000;60200000;69;a;0;0
6;60200000;60400000;82;a;0;0
6;60400000;60600000;57;a;0;0
6;60600000;60800000;75;a;0;0
6;60800000;61000000;67;a;0;0
6;61000000;61200000;74;a;0;0
6;61200000;61400000;82;a;0;0
6;61400000;61600000;49;a;0;0
6;61600000;61800000;59;a;0;0
6;61800000;62000000;73;a;0;0
6;62000000;62200000;56;a;0;0
6;62200000;62400000;40;a;0;0
6;62400000;62600000;31;a;0;0
6;62600000;62800000;25;a;0;0
6;62800000;63000000;34;a;0;0
6;63000000;63200000;25;a;0;0
6;63200000;63400000;39;a;0;0
6;63400000;63600000;23;a;0;0
6;63600000;63800000;43;a;0;0
6;63800000;64000000;36;a;0;0
6;64000000;64200000;64;a;0;0
6;64200000;64400000;97;a;0;0
6;64400000;64600000;54;a;0;0
6;64600000;64800000;22;a;0;0
6;64800000;65000000;34;a;0;0
6;65000000;65200000;37;a;0;0
6;65200000;65400000;52;a;0;0
6;65400000;65600000;41;a;0;0
6;65600000;65800000;26;a;0;0
6;65800000;66000000;19;a;0;0
6;66000000;66200000;45;a;0;0
6;66200000;66400000;18;a;0;0
6;66400000;66600000;26;a;0;0
6;66600000;66800000;12;a;0;0
6;66800000;67000000;33;a;0;0
6;67000000;67200000;31;a;0;0
6;67200000;67400000;53;a;0;0
6;67400000;67600000;10;a;0;0
6;67600000;67800000;18;a;0;0
6;67800000;68000000;4;a;0;0
6;68000000;68200000;2;a;0;0
6;68200000;68400000;7;a;0;0
6;68400000;68600000;2;a;0;0
7;0;200000;0;a;0;0
7;200000;400000;8;a;0;0
7;400000;600000;7;a;0;0
7;600000;800000;3;a;0;0
7;800000;1000000;1;a;0;0
7;1000000;1200000;9;a;0;0
7;1200000;1400000;12;a;0;0
7;1400000;1600000;2;a;0;0
7;1600000;1800000;2;a;0;0
7;1800000;2000000;3;a;0;0
7;2000000;2200000;2;a;0;0
7;2200000;2400000;1;a;0;0
7;2400000;2600000;2;a;0;0
7;2600000;2800000;4;a;0;0
7;2800000;3000000;3;a;0;0
7;3000000;3200000;2;a;0;0
7;3200000;3400000;1;a;0;0
7;3400000;3600000;3;a;0;0
7;3600000;3800000;2;a;0;0
7;3800000;4000000;6;a;0;0
7;4000000;4200000;3;a;0;0
7;4200000;4400000;1;a;0;0
7;4400000;4600000;9;a;0;0
7;4600000;4800000;7;a;0;0
7;4800000;5000000;13;a;0;0
7;5000000;5200000;40;a;0;0
7;5200000;5400000;1;a;0;0
7;5400000;5600000;4;a;0;0
7;5600000;5800000;4;a;0;0
7;5800000;6000000;9;a;0;0
7;6000000;6200000;2;a;0;0
7;6200000;6400000;7;a;0;0
7;6400000;6600000;4;a;0;0
7;6600000;6800000;8;a;0;0
7;6800000;7000000;7;a;0;0
7;7000000;7200000;2;a;0;0
7;7200000;7400000;2;a;0;0
7;7400000;7600000;6;a;0;0
7;7600000;7800000;7;a;0;0
7;7800000;8000000;2;a;0;0
7;8000000;8200000;4;a;0;0
7;8200000;8400000;5;a;0;0
7;8400000;8600000;9;a;0;0
7;8600000;8800000;1;a;0;0
7;8800000;9000000;1;a;0;0
7;9000000;9200000;6;a;0;0
7;9200000;9400000;20;a;0;0
7;9400000;9600000;1;a;0;0
7;9600000;9800000;4;a;0;0
7;9800000;10000000;7;a;0;0
7;10000000;10200000;1;a;0;0
7;10200000;10400000;7;a;0;0
7;10400000;10600000;5;a;0;0
7;10600000;10800000;8;a;0;0
7;10800000;11000000;3;a;0;0
7;11000000;11200000;28;a;0;0
7;11200000;11400000;8;a;0;0
7;11400000;11600000;28;a;0;0
7;11600000;11800000;3;a;0;0
7;11800000;12000000;18;a;0;0
7;12000000;12200000;12;a;0;0
7;12200000;12400000;4;a;0;0
7;12400000;12600000;31;a;0;0
7;12600000;12800000;45;a;0;0
7;12800000;13000000;35;a;0;0
7;13000000;13200000;43;a;0;0
7;13200000;13400000;7;a;0;0
7;13400000;13600000;20;a;0;0
7;13600000;13800000;11;a;0;0
7;13800000;14000000;2;a;0;0
7;14000000;14200000;5;a;0;0
7;14200000;14400000;8;a;0;0
7;14400000;14600000;9;a;0;0
7;14600000;14800000;88;a;0;0
7;14800000;15000000;65;a;0;0
7;15000000;15200000;50;a;0;0
7;15200000;15400000;17;a;0;0
7;15400000;15600000;8;a;0;0
7;15600000;15800000;11;a;0;0
7;15800000;16000000;6;a;0;0
7;16000000;16200000;19;a;0;0
7;16200000;16400000;38;a;0;0
7;16400000;16600000;24;a;0;0
7;16600000;16800000;7;a;0;0
7;16800000;17000000;41;a;0;0
7;17000000;17200000;51;a;0;0
7;17200000;17400000;32;a;0;0
7;17400000;17600000;7;a;0;0
7;17600000;17800000;39;a;0;0
7;17800000;18000000;22;a;0;0
7;18000000;18200000;53;a;0;0
7;18200000;18400000;35;a;0;0
7;18400000;18600000;15;a;0;0
7;18600000;18800000;11;a;0;0
7;18800000;19000000;15;a;0;0
7;19000000;19200000;12;a;0;0
7;19200000;19400000;13;a;0;0
7;19400000;19600000;16;a;0;0
7;19600000;19800000;36;a;0;0
7;19800000;20000000;24;a;0;0
7;20000000;20200000;17;a;0;0
7;20200000;20400000;15;a;0;0
7;20400000;20600000;36;a;0;0
7;20600000;20800000;51;a;0;0
7;20800000;21000000;53;a;0;0
7;21000000;21200000;23;a;0;0
7;21200000;21400000;10;a;0;0
7;21400000;21600000;22;a;0;0
7;21600000;21800000;20;a;0;0
7;21800000;22000000;34;a;0;0
7;22000000;22200000;22;a;0;0
7;22200000;22400000;18;a;0;0
7;22400000;22600000;14;a;0;0
7;22600000;22800000;15;a;0;0
7;22800000;23000000;35;a;0;0
7;23000000;23200000;32;a;0;0
7;23200000;23400000;28;a;0;0
7;23400000;23600000;22;a;0;0
7;23600000;23800000;34;a;0;0
7;23800000;24000000;31;a;0;0
7;24000000;24200000;22;a;0;0
7;24200000;24400000;58;a;0;0
7;24400000;24600000;30;a;0;0
7;24600000;24800000;56;a;0;0
7;24800000;25000000;71;a;0;0
7;25000000;25200000;85;a;0;0
7;25200000;25400000;64;a;0;0
7;25400000;25600000;86;a;0;0
7;25600000;25800000;55;a;0;0
7;25800000;26000000;34;a;0;0
7;26000000;26200000;33;a;0;0
7;26200000;26400000;29;a;0;0
7;26400000;26600000;49;a;0;0
7;26600000;26800000;32;a;0;0
7;26800000;27000000;31;a;0;0
7;27000000;27200000;34;a;0;0
7;27200000;27400000;40;a;0;0
7;27400000;27600000;75;a;0;0
7;27600000;27800000;65;a;0;0
7;27800000;28000000;51;a;0;0
7;28000000;28200000;53;a;0;0
7;28200000;28400000;38;a;0;0
7;28400000;28600000;47;a;0;0
7;28600000;28800000;50;a;0;0
7;28800000;29000000;42;a;0;0
7;29000000;29200000;48;a;0;0
7;29200000;29400000;42;a;0;0
7;29400000;29600000;59;a;0;0
7;29600000;29800000;47;a;0;0
7;29800000;30000000;88;a;0;0
7;30000000;30200000;77;a;0;0
7;30200000;30400000;73;a;0;0
7;30400000;30600000;69;a;0;0
7;30600000;30800000;82;a;0;0
7;30800000;31000000;60;a;0;0
7;31000000;31200000;38;a;0;0
7;31200000;31400000;83;a;0;0
7;31400000;31600000;62;a;0;0
7;31600000;31800000;64;a;0;0
7;31800000;32000000;74;a;0;0
7;32000000;32200000;87;a;0;0
7;32200000;32400000;79;a;0;0
7;32400000;32600000;49;a;0;0
7;32600000;32800000;87;a;0;0
7;32800000;33000000;56;a;0;0
7;33000000;33200000;84;a;0;0
7;33200000;33400000;79;a;0;0
7;33400000;33600000;83;a;0;0
7;33600000;33800000;95;a;0;0
7;33800000;34000000;86;a;0;0
7;34000000;34200000;81;a;0;0
7;34200000;34400000;76;a;0;0
7;34400000;34600000;92;a;0;0
7;34600000;34800000;86;a;0;0
7;34800000;35000000;83;a;0;0
7;35000000;35200000;70;a;0;0
7;35200000;35400000;67;a;0;0
7;35400000;35600000;71;a;0;0
7;35600000;35800000;64;a;0;0
7;35800000;36000000;47;a;0;0
7;36000000;36200000;36;a;0;0
7;36200000;36400000;37;a;0;0
7;36400000;36600000;55;a;0;0
7;36600000;36800000;36;a;0;0
7;36800000;37000000;43;a;0;0
7;37000000;37200000;71;a;0;0
7;37200000;37400000;65;a;0;0
7;37400000;37600000;46;a;0;0
7;37600000;37800000;66;a;0;0
7;37800000;38000000;71;a;0;0
7;38000000;38200000;75;a;0;0
7;38200000;38400000;44;a;0;0
7;38400000;38600000;71;a;0;0
7;38600000;38800000;47;a;0;0
7;38800000;39000000;55;a;0;0
7;39000000;39200000;34;a;0;0
7;39200000;39400000;42;a;0;0
7;39400000;39600000;66;a;0;0
7;39600000;39800000;65;a;0;0
7;39800000;40000000;52;a;0;0
7;40000000;40200000;32;a;0;0
7;40200000;40400000;48;a;0;0
7;40400000;40600000;43;a;0;0
7;40600000;40800000;28;a;0;0
7;40800000;41000000;46;a;0;0
7;41000000;41200000;56;a;0;0
7;41200000;41400000;62;a;0;0
7;41400000;41600000;48;a;0;0
7;41600000;41800000;56;a;0;0
7;41800000;42000000;49;a;0;0
7;42000000;42200000;64;a;0;0
7;42200000;42400000;75;a;0;0
7;42400000;42600000;62;a;0;0
7;42600000;42800000;76;a;0;0
7;42800000;43000000;73;a;0;0
7;43000000;43200000;76;a;0;0
7;43200000;43400000;66;a;0;0
7;43400000;43600000;80;a;0;0
7;43600000;43800000;64;a;0;0
7;43800000;44000000;64;a;0;0
7;44000000;44200000;71;a;0;0
7;44200000;44400000;78;a;0;0
7;44400000;44600000;71;a;0;0
7;44600000;44800000;72;a;0;0
7;44800000;45000000;70;a;0;0
7;45000000;45200000;56;a;0;0
7;45200000;45400000;62;a;0;0
7;45400000;45600000;58;a;0;0
7;45600000;45800000;58;a;0;0
7;45800000;46000000;59;a;0;0
7;46000000;46200000;69;a;0;0
7;46200000;46400000;72;a;0;0
7;46400000;46600000;80;a;0;0
7;46600000;46800000;54;a;0;0
7;46800000;47000000;64;a;0;0
7;47000000;47200000;85;a;0;0
7;47200000;47400000;90;a;0;0
7;47400000;47600000;68;a;0;0
7;47600000;47800000;93;a;0;0
7;47800000;48000000;74;a;0;0
7;48000000;48200000;85;a;0;0
7;48200000;48400000;93;a;0;0
7;48400000;48600000;87;a;0;0
7;48600000;48800000;48;a;0;0
7;48800000;49000000;84;a;0;0
8;0;200000;0;a;0;0
8;200000;400000;67;a;0;0
8;400000;600000;67;a;0;0
8;600000;800000;44;a;0;0
8;800000;1000000;28;a;0;0
8;1000000;1200000;9;a;0;0
8;1200000;1400000;5;a;0;0
8;1400000;1600000;14;a;0;0
8;1600000;1800000;4;a;0;0
8;1800000;2000000;11;a;0;0
8;2000000;2200000;24;a;0;0
8;2200000;2400000;11;a;0;0
8;2400000;2600000;23;a;0;0
8;2600000;2800000;49;a;0;0
8;2800000;3000000;10;a;0;0
8;3000000;3200000;10;a;0;0
8;3200000;3400000;23;a;0;0
8;3400000;3600000;11;a;0;0
8;3600000;3800000;3;a;0;0
8;3800000;4000000;8;a;0;0
8;4000000;4200000;31;a;0;0
8;4200000;4400000;6;a;0;0
8;4400000;4600000;3;a;0;0
8;4600000;4800000;38;a;0;0
8;4800000;5000000;34;a;0;0
8;5000000;5200000;5;a;0;0
8;5200000;5400000;47;a;0;0
8;5400000;5600000;32;a;0;0
8;5600000;5800000;24;a;0;0
8;5800000;6000000;29;a;0;0
8;6000000;6200000;54;a;0;0
8;6200000;6400000;45;a;0;0
8;6400000;6600000;18;a;0;0
8;6600000;6800000;13;a;0;0
8;6800000;7000000;19;a;0;0
8;7000000;7200000;25;a;0;0
8;7200000;7400000;44;a;0;0
8;7400000;7600000;72;a;0;0
8;7600000;7800000;76;a;0;0
8;7800000;8000000;44;a;0;0
8;8000000;8200000;27;a;0;0
8;8200000;8400000;23;a;0;0
8;8400000;8600000;22;a;0;0
8;8600000;8800000;6;a;0;0
8;8800000;9000000;8;a;0;0
8;9000000;9200000;14;a;0;0
8;9200000;9400000;43;a;0;0
8;9400000;9600000;74;a;0;0
8;9600000;9800000;41;a;0;0
8;9800000;10000000;54;a;0;0
8;10000000;10200000;67;a;0;0
8;10200000;10400000;59;a;0;0
8;10400000;10600000;60;a;0;0
8;10600000;10800000;58;a;0;0
8;10800000;11000000;26;a;0;0
8;11000000;11200000;53;a;0;0
8;11200000;11400000;46;a;0;0
8;11400000;11600000;32;a;0;0
8;11600000;11800000;22;a;0;0
8;11800000;12000000;76;a;0;0
8;12000000;12200000;22;a;0;0
8;12200000;12400000;68;a;0;0
8;12400000;12600000;42;a;0;0
8;12600000;12800000;36;a;0;0
8;12800000;13000000;33;a;0;0
8;13000000;13200000;24;a;0;0
8;13200000;13400000;42;a;0;0
8;13400000;13600000;71;a;0;0
8;13600000;13800000;53;a;0;0
8;13800000;14000000;65;a;0;0
8;14000000;14200000;59;a;0;0
8;14200000;14400000;77;a;0;0
8;14400000;14600000;57;a;0;0
8;14600000;14800000;51;a;0;0
8;14800000;15000000;52;a;0;0
8;15000000;15200000;79;a;0;0
8;15200000;15400000;93;a;0;0
8;15400000;15600000;77;a;0;0
8;15600000;15800000;72;a;0;0
8;15800000;16000000;87;a;0;0
8;16000000;16200000;65;a;0;0
8;16200000;16400000;56;a;0;0
8;16400000;16600000;75;a;0;0
8;16600000;16800000;74;a;0;0
8;16800000;17000000;63;a;0;0
8;17000000;17200000;84;a;0;0
8;17200000;17400000;71;a;0;0
8;17400000;17600000;64;a;0;0
8;17600000;17800000;32;a;0;0
8;17800000;18000000;39;a;0;0
8;18000000;18200000;26;a;0;0
8;18200000;18400000;38;a;0;0
8;18400000;18600000;56;a;0;0
8;18600000;18800000;35;a;0;0
8;18800000;19000000;79;a;0;0
8;19000000;19200000;32;a;0;0
8;19200000;19400000;63;a;0;0
8;19400000;19600000;67;a;0;0
8;19600000;19800000;85;a;0;0
8;19800000;20000000;80;a;0;0
8;20000000;20200000;73;a;0;0
8;20200000;20400000;64;a;0;0
8;20400000;20600000;79;a;0;0
8;20600000;20800000;81;a;0;0
8;20800000;21000000;70;a;0;0
8;21000000;21200000;69;a;0;0
8;21200000;21400000;89;a;0;0
8;21400000;21600000;90;a;0;0
8;21600000;21800000;76;a;0;0
8;21800000;22000000;94;a;0;0
8;22000000;22200000;82;a;0;0
8;22200000;22400000;89;a;0;0
8;22400000;22600000;86;a;0;0
8;22600000;22800000;96;a;0;0
8;22800000;23000000;79;a;0;0
8;23000000;23200000;84;a;0;0
8;23200000;23400000;81;a;0;0
8;23400000;23600000;89;a;0;0
8;23600000;23800000;80;a;0;0
8;23800000;24000000;82;a;0;0
8;24000000;24200000;95;a;0;0
8;24200000;24400000;93;a;0;0
8;24400000;24600000;89;a;0;0
8;24600000;24800000;91;a;0;0
8;24800000;25000000;88;a;0;0
8;25000000;25200000;91;a;0;0
8;25200000;25400000;91;a;0;0
8;25400000;25600000;80;a;0;0
8;25600000;25800000;91;a;0;0
8;25800000;26000000;77;a;0;0
8;26000000;26200000;93;a;0;0
8;26200000;26400000;95;a;0;0
8;26400000;26600000;90;a;0;0
8;26600000;26800000;78;a;0;0
8;26800000;27000000;76;a;0;0
8;27000000;27200000;91;a;0;0
8;27200000;27400000;94;a;0;0
8;27400000;27600000;80;a;0;0
8;27600000;27800000;59;a;0;0
8;27800000;28000000;98;a;0;0
8;28000000;28200000;73;a;0;0
8;28200000;28400000;92;a;0;0
8;28400000;28600000;95;a;0;0
8;28600000;28800000;75;a;0;0
8;28800000;29000000;72;a;0;0
8;29000000;29200000;85;a;0;0
8;29200000;29400000;89;a;0;0
8;29400000;29600000;91;a;0;0
8;29600000;29800000;89;a;0;0
8;29800000;30000000;94;a;0;0
8;30000000;30200000;74;a;0;0
8;30200000;30400000;82;a;0;0
8;30400000;30600000;77;a;0;0
8;30600000;30800000;91;a;0;0
8;30800000;31000000;47;a;0;0
8;31000000;31200000;72;a;0;0
8;31200000;31400000;61;a;0;0
8;31400000;31600000;58;a;0;0
8;31600000;31800000;60;a;0;0
8;31800000;32000000;57;a;0;0
8;32000000;32200000;75;a;0;0
8;32200000;32400000;67;a;0;0
8;32400000;32600000;73;a;0;0
8;32600000;32800000;67;a;0;0
8;32800000;33000000;97;a;0;0
8;33000000;33200000;92;a;0;0
8;33200000;33400000;91;a;0;0
8;33400000;33600000;66;a;0;0
8;33600000;33800000;57;a;0;0
8;33800000;34000000;72;a;0;0
8;34000000;34200000;55;a;0;0
8;34200000;34400000;68;a;0;0
8;34400000;34600000;65;a;0;0
8;34600000;34800000;88;a;0;0
8;34800000;35000000;56;a;0;0
8;35000000;35200000;65;a;0;0
8;35200000;35400000;40;a;0;0
8;35400000;35600000;39;a;0;0
8;35600000;35800000;62;a;0;0
8;35800000;36000000;69;a;0;0
8;36000000;36200000;63;a;0;0
8;36200000;36400000;77;a;0;0
8;36400000;36600000;37;a;0;0
8;36600000;36800000;63;a;0;0
8;36800000;37000000;64;a;0;0
8;37000000;37200000;48;a;0;0
8;37200000;37400000;65;a;0;0
8;37400000;37600000;85;a;0;0
8;37600000;37800000;80;a;0;0
8;37800000;38000000;63;a;0;0
8;38000000;38200000;69;a;0;0
8;38200000;38400000;49;a;0;0
8;38400000;38600000;35;a;0;0
8;38600000;38800000;38;a;0;0
8;38800000;39000000;64;a;0;0
8;39000000;39200000;62;a;0;0
8;39200000;39400000;70;a;0;0
8;39400000;39600000;73;a;0;0
8;39600000;39800000;57;a;0;0
8;39800000;40000000;89;a;0;0
8;40000000;40200000;93;a;0;0
8;40200000;40400000;94;a;0;0
8;40400000;40600000;60;a;0;0
8;40600000;40800000;55;a;0;0
8;40800000;41000000;48;a;0;0
8;41000000;41200000;50;a;0;0
8;41200000;41400000;72;a;0;0
8;41400000;41600000;69;a;0;0
8;41600000;41800000;51;a;0;0
8;41800000;42000000;45;a;0;0
8;42000000;42200000;39;a;0;0
8;42200000;42400000;40;a;0;0
8;42400000;42600000;58;a;0;0
8;42600000;42800000;30;a;0;0
8;42800000;43000000;56;a;0;0
8;43000000;43200000;41;a;0;0
8;43200000;43400000;39;a;0;0
8;43400000;43600000;61;a;0;0
8;43600000;43800000;70;a;0;0
8;43800000;44000000;86;a;0;0
8;44000000;44200000;31;a;0;0
8;44200000;44400000;27;a;0;0
8;44400000;44600000;17;a;0;0
8;44600000;44800000;52;a;0;0
8;44800000;45000000;25;a;0;0
8;45000000;45200000;50;a;0;0
8;45200000;45400000;46;a;0;0
8;45400000;45600000;36;a;0;0
8;45600000;45800000;44;a;0;0
8;45800000;46000000;67;a;0;0
8;46000000;46200000;54;a;0;0
8;46200000;46400000;30;a;0;0
8;46400000;46600000;22;a;0;0
8;46600000;46800000;46;a;0;0
8;46800000;47000000;59;a;0;0
8;47000000;47200000;56;a;0;0
8;47200000;47400000;56;a;0;0
8;47400000;47600000;26;a;0;0
8;47600000;47800000;24;a;0;0
8;47800000;48000000;12;a;0;0
8;48000000;48200000;16;a;0;0
8;48200000;48400000;19;a;0;0
8;48400000;48600000;21;a;0;0
8;48600000;48800000;16;a;0;0
8;48800000;49000000;27;a;0;0
8;49000000;49200000;68;a;0;0
8;49200000;49400000;72;a;0;0
8;49400000;49600000;54;a;0;0
8;49600000;49800000;29;a;0;0
8;49800000;50000000;10;a;0;0
8;50000000;50200000;12;a;0;0
8;50200000;50400000;26;a;0;0
8;50400000;50600000;44;a;0;0
8;50600000;50800000;41;a;0;0
8;50800000;51000000;36;a;0;0
8;51000000;51200000;78;a;0;0
8;51200000;51400000;75;a;0;0
8;51400000;51600000;46;a;0;0
8;51600000;51800000;31;a;0;0
8;51800000;52000000;40;a;0;0
8;52000000;52200000;21;a;0;0
8;52200000;52400000;14;a;0;0
8;52400000;52600000;17;a;0;0
8;52600000;52800000;18;a;0;0
8;52800000;53000000;29;a;0;0
8;53000000;53200000;38;a;0;0
8;53200000;53400000;9;a;0;0
8;53400000;53600000;3;a;0;0
8;53600000;53800000;4;a;0;0
8;53800000;54000000;8;a;0;0
8;54000000;54200000;40;a;0;0
8;54200000;54400000;9;a;0;0
8;54400000;54600000;5;a;0;0
8;54600000;54800000;50;a;0;0
8;54800000;55000000;43;a;0;0
8;55000000;55200000;2;a;0;0
8;55200000;55400000;8;a;0;0
8;55400000;55600000;8;a;0;0
8;55600000;55800000;8;a;0;0
8;55800000;56000000;32;a;0;0
8;56000000;56200000;23;a;0;0
8;56200000;56400000;15;a;0;0
8;56400000;56600000;25;a;0;0
8;56600000;56800000;4;a;0;0
8;56800000;57000000;1;a;0;0
8;57000000;57200000;25;a;0;0
8;57200000;57400000;36;a;0;0
8;57400000;57600000;35;a;0;0
8;57600000;57800000;4;a;0;0
8;57800000;58000000;4;a;0;0
8;58000000;58200000;17;a;0;0
8;58200000;58400000;0;a;0;0
8;58400000;58600000;1;a;0;0
8;58600000;58800000;8;a;0;0
8;58800000;59000000;2;a;0;0
8;59000000;59200000;25;a;0;0
8;59200000;59400000;59;a;0;0
8;59400000;59600000;1;a;0;0
8;59600000;59800000;10;a;0;0
8;59800000;60000000;2;a;0;0
8;60000000;60200000;5;a;0;0
8;60200000;60400000;4;a;0;0
8;60400000;60600000;7;a;0;0
8;60600000;60800000;5;a;0;0
8;60800000;61000000;1;a;0;0
8;61000000;61200000;29;a;0;0
8;61200000;61400000;5;a;0;0
8;61400000;61600000;2;a;0;0
8;61600000;61800000;2;a;0;0
8;61800000;62000000;4;a;0;0
8;62000000;62200000;53;a;0;0
8;62200000;62400000;5;a;0;0
8;62400000;62600000;10;a;0;0
8;62600000;62800000;8;a;0;0
8;62800000;63000000;5;a;0;0
9;0;200000;0;a;0;0
9;200000;400000;8;a;0;0
9;400000;600000;25;a;0;0
9;600000;800000;4;a;0;0
9;800000;1000000;7;a;0;0
9;1000000;1200000;1;a;0;0
9;1200000;1400000;10;a;0;0
9;1400000;1600000;4;a;0;0
9;1600000;1800000;12;a;0;0
9;1800000;2000000;5;a;0;0
9;2000000;2200000;7;a;0;0
9;2200000;2400000;5;a;0;0
9;2400000;2600000;7;a;0;0
9;2600000;2800000;14;a;0;0
9;2800000;3000000;14;a;0;0
9;3000000;3200000;49;a;0;0
9;3200000;3400000;7;a;0;0
9;3400000;3600000;1;a;0;0
9;3600000;3800000;17;a;0;0
9;3800000;4000000;6;a;0;0
9;4000000;4200000;5;a;0;0
9;4200000;4400000;7;a;0;0
9;4400000;4600000;16;a;0;0
9;4600000;4800000;10;a;0;0
9;4800000;5000000;19;a;0;0
9;5000000;5200000;4;a;0;0
9;5200000;5400000;10;a;0;0
9;5400000;5600000;16;a;0;0
9;5600000;5800000;26;a;0;0
9;5800000;6000000;12;a;0;0
9;6000000;6200000;19;a;0;0
9;6200000;6400000;30;a;0;0
9;6400000;6600000;41;a;0;0
9;6600000;6800000;30;a;0;0
9;6800000;7000000;13;a;0;0
9;7000000;7200000;14;a;0;0
9;7200000;7400000;13;a;0;0
9;7400000;7600000;66;a;0;0
9;7600000;7800000;45;a;0;0
9;7800000;8000000;55;a;0;0
9;8000000;8200000;46;a;0;0
9;8200000;8400000;13;a;0;0
9;8400000;8600000;10;a;0;0
9;8600000;8800000;22;a;0;0
9;8800000;9000000;30;a;0;0
9;9000000;9200000;24;a;0;0
9;9200000;9400000;37;a;0;0
9;9400000;9600000;37;a;0;0
9;9600000;9800000;25;a;0;0
9;9800000;10000000;26;a;0;0
9;10000000;10200000;24;a;0;0
9;10200000;10400000;53;a;0;0
9;10400000;10600000;25;a;0;0
9;10600000;10800000;22;a;0;0
9;10800000;11000000;20;a;0;0
9;11000000;11200000;18;a;0;0
9;11200000;11400000;47;a;0;0
9;11400000;11600000;36;a;0;0
9;11600000;11800000;25;a;0;0
9;11800000;12000000;21;a;0;0
9;12000000;12200000;13;a;0;0
9;12200000;12400000;62;a;0;0
9;12400000;12600000;45;a;0;0
9;12600000;12800000;40;a;0;0
9;12800000;13000000;28;a;0;0
9;13000000;13200000;41;a;0;0
9;13200000;13400000;45;a;0;0
9;13400000;13600000;46;a;0;0
9;13600000;13800000;49;a;0;0
9;13800000;14000000;80;a;0;0
9;14000000;14200000;61;a;0;0
9;14200000;14400000;42;a;0;0
9;14400000;14600000;53;a;0;0
9;14600000;14800000;75;a;0;0
9;14800000;15000000;73;a;0;0
9;15000000;15200000;86;a;0;0
9;15200000;15400000;55;a;0;0
9;15400000;15600000;28;a;0;0
9;15600000;15800000;35;a;0;0
9;15800000;16000000;36;a;0;0
9;16000000;16200000;19;a;0;0
9;16200000;16400000;45;a;0;0
9;16400000;16600000;73;a;0;0
9;16600000;16800000;47;a;0;0
9;16800000;17000000;30;a;0;0
9;17000000;17200000;74;a;0;0
9;17200000;17400000;51;a;0;0
9;17400000;17600000;66;a;0;0
9;17600000;17800000;61;a;0;0
9;17800000;18000000;94;a;0;0
9;18000000;18200000;62;a;0;0
9;18200000;18400000;73;a;0;0
9;18400000;18600000;80;a;0;0
9;18600000;18800000;85;a;0;0
9;18800000;19000000;79;a;0;0
9;19000000;19200000;67;a;0;0
9;19200000;19400000;93;a;0;0
9;19400000;19600000;57;a;0;0
9;19600000;19800000;84;a;0;0
9;19800000;20000000;91;a;0;0
9;20000000;20200000;79;a;0;0
9;20200000;20400000;78;a;0;0
9;20400000;20600000;75;a;0;0
9;20600000;20800000;90;a;0;0
9;20800000;21000000;77;a;0;0
9;21000000;21200000;75;a;0;0
9;21200000;21400000;83;a;0;0
9;21400000;21600000;92;a;0;0
9;21600000;21800000;89;a;0;0
9;21800000;22000000;69;a;0;0
9;22000000;22200000;71;a;0;0
9;22200000;22400000;57;a;0;0
9;22400000;22600000;85;a;0;0
9;22600000;22800000;89;a;0;0
9;22800000;23000000;93;a;0;0
9;23000000;23200000;89;a;0;0
9;23200000;23400000;46;a;0;0
9;23400000;23600000;92;a;0;0
9;23600000;23800000;77;a;0;0
9;23800000;24000000;76;a;0;0
9;24000000;24200000;83;a;0;0
9;24200000;24400000;90;a;0;0
9;24400000;24600000;82;a;0;0
9;24600000;24800000;70;a;0;0
9;24800000;25000000;72;a;0;0
9;25000000;25200000;81;a;0;0
9;25200000;25400000;66;a;0;0
9;25400000;25600000;88;a;0;0
9;25600000;25800000;72;a;0;0
9;25800000;26000000;90;a;0;0
9;26000000;26200000;61;a;0;0
9;26200000;26400000;85;a;0;0
9;26400000;26600000;93;a;0;0
9;26600000;26800000;89;a;0;0
9;26800000;27000000;80;a;0;0
9;27000000;27200000;81;a;0;0
9;27200000;27400000;87;a;0;0
9;27400000;27600000;92;a;0;0
9;27600000;27800000;88;a;0;0
9;27800000;28000000;91;a;0;0
9;28000000;28200000;93;a;0;0
9;28200000;28400000;93;a;0;0
9;28400000;28600000;85;a;0;0
9;28600000;28800000;73;a;0;0
9;28800000;29000000;75;a;0;0
9;29000000;29200000;86;a;0;0
9;29200000;29400000;80;a;0;0
9;29400000;29600000;80;a;0;0
9;29600000;29800000;87;a;0;0
9;29800000;30000000;63;a;0;0
9;30000000;30200000;49;a;0;0
9;30200000;30400000;72;a;0;0
9;30400000;30600000;37;a;0;0
9;30600000;30800000;56;a;0;0
9;30800000;31000000;56;a;0;0
9;31000000;31200000;37;a;0;0
9;31200000;31400000;48;a;0;0
9;31400000;31600000;82;a;0;0
9;31600000;31800000;69;a;0;0
9;31800000;32000000;60;a;0;0
9;32000000;32200000;68;a;0;0
9;32200000;32400000;62;a;0;0
9;32400000;32600000;89;a;0;0
9;32600000;32800000;78;a;0;0
9;32800000;33000000;47;a;0;0
9;33000000;33200000;59;a;0;0
9;33200000;33400000;53;a;0;0
9;33400000;33600000;67;a;0;0
9;33600000;33800000;40;a;0;0
9;33800000;34000000;54;a;0;0
9;34000000;34200000;51;a;0;0
9;34200000;34400000;36;a;0;0
9;34400000;34600000;62;a;0;0
9;34600000;34800000;78;a;0;0
9;34800000;35000000;46;a;0;0
9;35000000;35200000;17;a;0;0
9;35200000;35400000;60;a;0;0
9;35400000;35600000;25;a;0;0
9;35600000;35800000;53;a;0;0
9;35800000;36000000;46;a;0;0
9;36000000;36200000;30;a;0;0
9;36200000;36400000;39;a;0;0
9;36400000;36600000;28;a;0;0
9;36600000;36800000;32;a;0;0
9;36800000;37000000;48;a;0;0
9;37000000;37200000;53;a;0;0
9;37200000;37400000;28;a;0;0
9;37400000;37600000;45;a;0;0
9;37600000;37800000;45;a;0;0
9;37800000;38000000;36;a;0;0
9;38000000;38200000;52;a;0;0
9;38200000;38400000;34;a;0;0
9;38400000;38600000;16;a;0;0
9;38600000;38800000;50;a;0;0
9;38800000;39000000;5;a;0;0
9;39000000;39200000;4;a;0;0
9;39200000;39400000;4;a;0;0
10;0;200000;0;a;0;0
10;200000;400000;45;a;0;0
10;400000;600000;2;a;0;0
10;600000;800000;0;a;0;0
10;800000;1000000;0;a;0;0
10;1000000;1200000;2;a;0;0
10;1200000;1400000;2;a;0;0
10;1400000;1600000;3;a;0;0
10;1600000;1800000;3;a;0;0
10;1800000;2000000;7;a;0;0
10;2000000;2200000;9;a;0;0
10;2200000;2400000;1;a;0;0
10;2400000;2600000;6;a;0;0
10;2600000;2800000;5;a;0;0
10;2800000;3000000;10;a;0;0
10;3000000;3200000;48;a;0;0
10;3200000;3400000;16;a;0;0
10;3400000;3600000;7;a;0;0
10;3600000;3800000;3;a;0;0
10;3800000;4000000;5;a;0;0
10;4000000;4200000;5;a;0;0
10;4200000;4400000;16;a;0;0
10;4400000;4600000;6;a;0;0
10;4600000;4800000;5;a;0;0
10;4800000;5000000;14;a;0;0
10;5000000;5200000;1;a;0;0
10;5200000;5400000;36;a;0;0
10;5400000;5600000;18;a;0;0
10;5600000;5800000;10;a;0;0
10;5800000;6000000;4;a;0;0
10;6000000;6200000;16;a;0;0
10;6200000;6400000;32;a;0;0
10;6400000;6600000;8;a;0;0
10;6600000;6800000;2;a;0;0
10;6800000;7000000;3;a;0;0
10;7000000;7200000;4;a;0;0
10;7200000;7400000;11;a;0;0
10;7400000;7600000;11;a;0;0
10;7600000;7800000;14;a;0;0
10;7800000;8000000;4;a;0;0
10;8000000;8200000;4;a;0;0
10;8200000;8400000;3;a;0;0
10;8400000;8600000;22;a;0;0
10;8600000;8800000;16;a;0;0
10;8800000;9000000;38;a;0;0
10;9000000;9200000;74;a;0;0
10;9200000;9400000;64;a;0;0
10;9400000;9600000;46;a;0;0
10;9600000;9800000;53;a;0;0
10;9800000;10000000;22;a;0;0
10;10000000;10200000;39;a;0;0
10;10200000;10400000;8;a;0;0
10;10400000;10600000;26;a;0;0
10;10600000;10800000;34;a;0;0
10;10800000;11000000;43;a;0;0
10;11000000;11200000;21;a;0;0
10;11200000;11400000;38;a;0;0
10;11400000;11600000;30;a;0;0
10;11600000;11800000;17;a;0;0
10;11800000;12000000;30;a;0;0
10;12000000;12200000;38;a;0;0
10;12200000;12400000;51;a;0;0
10;12400000;12600000;14;a;0;0
10;12600000;12800000;50;a;0;0
10;12800000;13000000;60;a;0;0
10;13000000;13200000;62;a;0;0
10;13200000;13400000;38;a;0;0
10;13400000;13600000;73;a;0;0
10;13600000;13800000;48;a;0;0
10;13800000;14000000;55;a;0;0
10;14000000;14200000;25;a;0;0
10;14200000;14400000;42;a;0;0
10;14400000;14600000;66;a;0;0
10;14600000;14800000;40;a;0;0
10;14800000;15000000;33;a;0;0
10;15000000;15200000;49;a;0;0
10;15200000;15400000;30;a;0;0
10;15400000;15600000;40;a;0;0
10;15600000;15800000;69;a;0;0
10;15800000;16000000;58;a;0;0
10;16000000;16200000;26;a;0;0
10;16200000;16400000;39;a;0;0
10;16400000;16600000;64;a;0;0
10;16600000;16800000;33;a;0;0
10;16800000;17000000;65;a;0;0
10;17000000;17200000;39;a;0;0
10;17200000;17400000;55;a;0;0
10;17400000;17600000;67;a;0;0
10;17600000;17800000;62;a;0;0
10;17800000;18000000;65;a;0;0
10;18000000;18200000;47;a;0;0
10;18200000;18400000;88;a;0;0
10;18400000;18600000;72;a;0;0
10;18600000;18800000;65;a;0;0
10;18800000;19000000;69;a;0;0
10;19000000;19200000;64;a;0;0
10;19200000;19400000;75;a;0;0
10;19400000;19600000;76;a;0;0
10;19600000;19800000;63;a;0;0
10;19800000;20000000;43;a;0;0
10;20000000;20200000;42;a;0;0
10;20200000;20400000;70;a;0;0
10;20400000;20600000;80;a;0;0
10;20600000;20800000;75;a;0;0
10;20800000;21000000;80;a;0;0
10;21000000;21200000;73;a;0;0
10;21200000;21400000;61;a;0;0
10;21400000;21600000;82;a;0;0
10;21600000;21800000;89;a;0;0
10;21800000;22000000;84;a;0;0
10;22000000;22200000;89;a;0;0
10;22200000;22400000;86;a;0;0
10;22400000;22600000;92;a;0;0
10;22600000;22800000;88;a;0;0
10;22800000;23000000;98;a;0;0
10;23000000;23200000;76;a;0;0
10;23200000;23400000;75;a;0;0
10;23400000;23600000;66;a;0;0
10;23600000;23800000;63;a;0;0
10;23800000;24000000;47;a;0;0
10;24000000;24200000;79;a;0;0
10;24200000;24400000;90;a;0;0
10;24400000;24600000;66;a;0;0
10;24600000;24800000;85;a;0;0
10;24800000;25000000;88;a;0;0
10;25000000;25200000;85;a;0;0
10;25200000;25400000;89;a;0;0
10;25400000;25600000;91;a;0;0
10;25600000;25800000;89;a;0;0
10;25800000;26000000;93;a;0;0
10;26000000;26200000;82;a;0;0
10;26200000;26400000;92;a;0;0
10;26400000;26600000;74;a;0;0
10;26600000;26800000;87;a;0;0
10;26800000;27000000;66;a;0;0
10;27000000;27200000;69;a;0;0
10;27200000;27400000;47;a;0;0
10;27400000;27600000;86;a;0;0
10;27600000;27800000;52;a;0;0
10;27800000;28000000;83;a;0;0
10;28000000;28200000;84;a;0;0
10;28200000;28400000;73;a;0;0
10;28400000;28600000;69;a;0;0
10;28600000;28800000;43;a;0;0
10;28800000;29000000;37;a;0;0
10;29000000;29200000;84;a;0;0
10;29200000;29400000;92;a;0;0
10;29400000;29600000;95;a;0;0
10;29600000;29800000;93;a;0;0
10;29800000;30000000;87;a;0;0
10;30000000;30200000;59;a;0;0
10;30200000;30400000;74;a;0;0
10;30400000;30600000;79;a;0;0
10;30600000;30800000;24;a;0;0
10;30800000;31000000;7;a;0;0
10;31000000;31200000;4;a;0;0
10;31200000;31400000;18;a;0;0
10;31400000;31600000;30;a;0;0
10;31600000;31800000;61;a;0;0
10;31800000;32000000;87;a;0;0
10;32000000;32200000;86;a;0;0
10;32200000;32400000;94;a;0;0
10;32400000;32600000;58;a;0;0
10;32600000;32800000;77;a;0;0
10;32800000;33000000;56;a;0;0
10;33000000;33200000;75;a;0;0
10;33200000;33400000;77;a;0;0
10;33400000;33600000;47;a;0;0
10;33600000;33800000;69;a;0;0
10;33800000;34000000;78;a;0;0
10;34000000;34200000;69;a;0;0
10;34200000;34400000;52;a;0;0
10;34400000;34600000;57;a;0;0
10;34600000;34800000;74;a;0;0
10;34800000;35000000;77;a;0;0
10;35000000;35200000;51;a;0;0
10;35200000;35400000;54;a;0;0
10;35400000;35600000;47;a;0;0
10;35600000;35800000;83;a;0;0
10;35800000;36000000;90;a;0;0
10;36000000;36200000;76;a;0;0
10;36200000;36400000;78;a;0;0
10;36400000;36600000;83;a;0;0
10;36600000;36800000;90;a;0;0
10;36800000;37000000;76;a;0;0
10;37000000;37200000;55;a;0;0
10;37200000;37400000;60;a;0;0
10;37400000;37600000;65;a;0;0
10;37600000;37800000;51;a;0;0
10;37800000;38000000;41;a;0;0
10;38000000;38200000;18;a;0;0
10;38200000;38400000;48;a;0;0
10;38400000;38600000;35;a;0;0
10;38600000;38800000;58;a;0;0
10;38800000;39000000;41;a;0;0
10;39000000;39200000;70;a;0;0
10;39200000;39400000;71;a;0;0
10;39400000;39600000;66;a;0;0
10;39600000;39800000;60;a;0;0
10;39800000;40000000;20;a;0;0
10;40000000;40200000;35;a;0;0
10;40200000;40400000;26;a;0;0
10;40400000;40600000;15;a;0;0
10;40600000;40800000;9;a;0;0
10;40800000;41000000;30;a;0;0
10;41000000;41200000;30;a;0;0
10;41200000;41400000;17;a;0;0
10;41400000;41600000;23;a;0;0
10;41600000;41800000;9;a;0;0
10;41800000;42000000;13;a;0;0
10;42000000;42200000;12;a;0;0
10;42200000;42400000;8;a;0;0
10;42400000;42600000;15;a;0;0
10;42600000;42800000;17;a;0;0
10;42800000;43000000;25;a;0;0
10;43000000;43200000;19;a;0;0
10;43200000;43400000;6;a;0;0
10;43400000;43600000;31;a;0;0
10;43600000;43800000;53;a;0;0
10;43800000;44000000;28;a;0;0
10;44000000;44200000;19;a;0;0
10;44200000;44400000;7;a;0;0
10;44400000;44600000;26;a;0;0
10;44600000;44800000;31;a;0;0
10;44800000;45000000;54;a;0;0
10;45000000;45200000;12;a;0;0
10;45200000;45400000;20;a;0;0
10;45400000;45600000;5;a;0;0
10;45600000;45800000;13;a;0;0
10;45800000;46000000;17;a;0;0
10;46000000;46200000;8;a;0;0
10;46200000;46400000;28;a;0;0
10;46400000;46600000;3;a;0;0
10;46600000;46800000;3;a;0;0
10;46800000;47000000;10;a;0;0
10;47000000;47200000;20;a;0;0
10;47200000;47400000;12;a;0;0
10;47400000;47600000;1;a;0;0
10;47600000;47800000;4;a;0;0
10;47800000;48000000;5;a;0;0
10;48000000;48200000;6;a;0;0
10;48200000;48400000;15;a;0;0
10;48400000;48600000;27;a;0;0
10;48600000;48800000;8;a;0;0
10;48800000;49000000;0;a;0;0
11;0;200000;0;a;0;0
11;200000;400000;44;a;0;0
11;400000;600000;26;a;0;0
11;600000;800000;26;a;0;0
11;800000;1000000;16;a;0;0
11;1000000;1200000;25;a;0;0
11;1200000;1400000;55;a;0;0
11;1400000;1600000;22;a;0;0
11;1600000;1800000;43;a;0;0
11;1800000;2000000;34;a;0;0
11;2000000;2200000;32;a;0;0
11;2200000;2400000;44;a;0;0
11;2400000;2600000;49;a;0;0
11;2600000;2800000;77;a;0;0
11;2800000;3000000;74;a;0;0
11;3000000;3200000;66;a;0;0
11;3200000;3400000;65;a;0;0
11;3400000;3600000;49;a;0;0
11;3600000;3800000;46;a;0;0
11;3800000;4000000;32;a;0;0
11;4000000;4200000;29;a;0;0
11;4200000;4400000;24;a;0;0
11;4400000;4600000;43;a;0;0
11;4600000;4800000;66;a;0;0
11;4800000;5000000;37;a;0;0
11;5000000;5200000;34;a;0;0
11;5200000;5400000;64;a;0;0
11;5400000;5600000;29;a;0;0
11;5600000;5800000;36;a;0;0
11;5800000;6000000;48;a;0;0
11;6000000;6200000;39;a;0;0
11;6200000;6400000;26;a;0;0
11;6400000;6600000;67;a;0;0
11;6600000;6800000;53;a;0;0
11;6800000;7000000;72;a;0;0
11;7000000;7200000;95;a;0;0
11;7200000;7400000;80;a;0;0
11;7400000;7600000;57;a;0;0
11;7600000;7800000;21;a;0;0
11;7800000;8000000;68;a;0;0
11;8000000;8200000;85;a;0;0
11;8200000;8400000;56;a;0;0
11;8400000;8600000;46;a;0;0
11;8600000;8800000;52;a;0;0
11;8800000;9000000;65;a;0;0
11;9000000;9200000;60;a;0;0
11;9200000;9400000;73;a;0;0
11;9400000;9600000;68;a;0;0
11;9600000;9800000;60;a;0;0
11;9800000;10000000;74;a;0;0
11;10000000;10200000;54;a;0;0
11;10200000;10400000;82;a;0;0
11;10400000;10600000;68;a;0;0
11;10600000;10800000;78;a;0;0
11;10800000;11000000;59;a;0;0
11;11000000;11200000;79;a;0;0
11;11200000;11400000;83;a;0;0
11;11400000;11600000;86;a;0;0
11;11600000;11800000;69;a;0;0
11;11800000;12000000;72;a;0;0
11;12000000;12200000;64;a;0;0
11;12200000;12400000;74;a;0;0
11;12400000;12600000;66;a;0;0
11;12600000;12800000;68;a;0;0
11;12800000;13000000;83;a;0;0
11;13000000;13200000;83;a;0;0
11;13200000;13400000;77;a;0;0
11;13400000;13600000;60;a;0;0
11;13600000;13800000;60;a;0;0
11;13800000;14000000;61;a;0;0
11;14000000;14200000;74;a;0;0
11;14200000;14400000;62;a;0;0
11;14400000;14600000;78;a;0;0
11;14600000;14800000;74;a;0;0
11;14800000;15000000;59;a;0;0
11;15000000;15200000;48;a;0;0
11;15200000;15400000;43;a;0;0
11;15400000;15600000;72;a;0;0
11;15600000;15800000;67;a;0;0
11;15800000;16000000;89;a;0;0
11;16000000;16200000;83;a;0;0
11;16200000;16400000;90;a;0;0
11;16400000;16600000;82;a;0;0
11;16600000;16800000;91;a;0;0
11;16800000;17000000;64;a;0;0
11;17000000;17200000;78;a;0;0
11;17200000;17400000;79;a;0;0
11;17400000;17600000;66;a;0;0
11;17600000;17800000;82;a;0;0
11;17800000;18000000;93;a;0;0
11;18000000;18200000;74;a;0;0
11;18200000;18400000;82;a;0;0
11;18400000;18600000;93;a;0;0
11;18600000;18800000;76;a;0;0
11;18800000;19000000;80;a;0;0
11;19000000;19200000;90;a;0;0
11;19200000;19400000;93;a;0;0
11;19400000;19600000;82;a;0;0
11;19600000;19800000;82;a;0;0
11;19800000;20000000;71;a;0;0
11;20000000;20200000;63;a;0;0
11;20200000;20400000;74;a;0;0
11;20400000;20600000;81;a;0;0
11;20600000;20800000;79;a;0;0
11;20800000;21000000;70;a;0;0
11;21000000;21200000;67;a;0;0
11;21200000;21400000;79;a;0;0
11;21400000;21600000;81;a;0;0
11;21600000;21800000;84;a;0;0
11;21800000;22000000;81;a;0;0
11;22000000;22200000;75;a;0;0
11;22200000;22400000;89;a;0;0
11;22400000;22600000;88;a;0;0
11;22600000;22800000;49;a;0;0
11;22800000;23000000;50;a;0;0
11;23000000;23200000;56;a;0;0
11;23200000;23400000;56;a;0;0
11;23400000;23600000;73;a;0;0
11;23600000;23800000;54;a;0;0
11;23800000;24000000;32;a;0;0
11;24000000;24200000;31;a;0;0
11;24200000;24400000;26;a;0;0
11;24400000;24600000;37;a;0;0
11;24600000;24800000;58;a;0;0
11;24800000;25000000;32;a;0;0
11;25000000;25200000;39;a;0;0
11;25200000;25400000;18;a;0;0
11;25400000;25600000;44;a;0;0
11;25600000;25800000;35;a;0;0
11;25800000;26000000;47;a;0;0
11;26000000;26200000;19;a;0;0
11;26200000;26400000;43;a;0;0
11;26400000;26600000;35;a;0;0
11;26600000;26800000;63;a;0;0
11;26800000;27000000;43;a;0;0
11;27000000;27200000;55;a;0;0
11;27200000;27400000;47;a;0;0
11;27400000;27600000;21;a;0;0
11;27600000;27800000;37;a;0;0
11;27800000;28000000;54;a;0;0
11;28000000;28200000;72;a;0;0
11;28200000;28400000;38;a;0;0
11;28400000;28600000;50;a;0;0
11;28600000;28800000;61;a;0;0
11;28800000;29000000;41;a;0;0
11;29000000;29200000;33;a;0;0
11;29200000;29400000;44;a;0;0
11;29400000;29600000;46;a;0;0
11;29600000;29800000;34;a;0;0
11;29800000;30000000;18;a;0;0
11;30000000;30200000;18;a;0;0
11;30200000;30400000;26;a;0;0
11;30400000;30600000;44;a;0;0
11;30600000;30800000;43;a;0;0
11;30800000;31000000;17;a;0;0
11;31000000;31200000;25;a;0;0
11;31200000;31400000;29;a;0;0
11;31400000;31600000;20;a;0;0
11;31600000;31800000;5;a;0;0
11;31800000;32000000;39;a;0;0
11;32000000;32200000;61;a;0;0
11;32200000;32400000;52;a;0;0
11;32400000;32600000;31;a;0;0
11;32600000;32800000;32;a;0;0
11;32800000;33000000;39;a;0;0
11;33000000;33200000;64;a;0;0
11;33200000;33400000;30;a;0;0
11;33400000;33600000;24;a;0;0
11;33600000;33800000;31;a;0;0
11;33800000;34000000;35;a;0;0
11;34000000;34200000;31;a;0;0
11;34200000;34400000;20;a;0;0
11;34400000;34600000;84;a;0;0
11;34600000;34800000;32;a;0;0
11;34800000;35000000;17;a;0;0
11;35000000;35200000;20;a;0;0
11;35200000;35400000;27;a;0;0
11;35400000;35600000;58;a;0;0
11;35600000;35800000;30;a;0;0
11;35800000;36000000;25;a;0;0
11;36000000;36200000;14;a;0;0
11;36200000;36400000;18;a;0;0
11;36400000;36600000;8;a;0;0
11;36600000;36800000;10;a;0;0
11;36800000;37000000;14;a;0;0
11;37000000;37200000;13;a;0;0
11;37200000;37400000;43;a;0;0
11;37400000;37600000;30;a;0;0
11;37600000;37800000;17;a;0;0
11;37800000;38000000;31;a;0;0
11;38000000;38200000;23;a;0;0
11;38200000;38400000;50;a;0;0
11;38400000;38600000;11;a;0;0
11;38600000;38800000;8;a;0;0
11;38800000;39000000;21;a;0;0
11;39000000;39200000;19;a;0;0
11;39200000;39400000;17;a;0;0
11;39400000;39600000;28;a;0;0
11;39600000;39800000;86;a;0;0
11;39800000;40000000;61;a;0;0
11;40000000;40200000;13;a;0;0
11;40200000;40400000;18;a;0;0
11;40400000;40600000;24;a;0;0
11;40600000;40800000;10;a;0;0
11;40800000;41000000;34;a;0;0
11;41000000;41200000;42;a;0;0
11;41200000;41400000;31;a;0;0
11;41400000;41600000;22;a;0;0
11;41600000;41800000;51;a;0;0
11;41800000;42000000;17;a;0;0
11;42000000;42200000;15;a;0;0
11;42200000;42400000;12;a;0;0
11;42400000;42600000;8;a;0;0
11;42600000;42800000;6;a;0;0
11;42800000;43000000;5;a;0;0
11;43000000;43200000;18;a;0;0
11;43200000;43400000;65;a;0;0
11;43400000;43600000;16;a;0;0
11;43600000;43800000;14;a;0;0
11;43800000;44000000;16;a;0;0
11;44000000;44200000;1;a;0;0
11;44200000;44400000;2;a;0;0
11;44400000;44600000;4;a;0;0
11;44600000;44800000;2;a;0;0
11;44800000;45000000;2;a;0;0
11;45000000;45200000;16;a;0;0
11;45200000;45400000;2;a;0;0
11;45400000;45600000;3;a;0;0
11;45600000;45800000;9;a;0;0
11;45800000;46000000;2;a;0;0
11;46000000;46200000;1;a;0;0
11;46200000;46400000;3;a;0;0
11;46400000;46600000;7;a;0;0
11;46600000;46800000;0;a;0;0
11;46800000;47000000;3;a;0;0
11;47000000;47200000;1;a;0;0
11;47200000;47400000;0;a;0;0
11;47400000;47600000;3;a;0;0
11;47600000;47800000;4;a;0;0
11;47800000;48000000;13;a;0;0
11;48000000;48200000;7;a;0;0
11;48200000;48400000;9;a;0;0
11;48400000;48600000;5;a;0;0
11;48600000;48800000;1;a;0;0
11;48800000;49000000;5;a;0;0
11;49000000;49200000;11;a;0;0
11;49200000;49400000;8;a;0;0
11;49400000;49600000;1;a;0;0
11;49600000;49800000;2;a;0;0
11;49800000;50000000;2;a;0;0
11;50000000;50200000;2;a;0;0
11;50200000;50400000;9;a;0;0
11;50400000;50600000;21;a;0;0
11;50600000;50800000;2;a;0;0
11;50800000;51000000;4;a;0;0
11;51000000;51200000;4;a;0;0
