chr;start;end ;value1;color;V6;V7
chr1;0;100;0;a;0;0
chr1;200000;200100;51;a;0;0
chr1;400000;400100;18;a;0;0
chr1;600000;600100;31;a;0;0
chr1;800000;800100;24;a;0;0
chr1;1000000;1000100;37;a;0;0
chr1;1200000;1200100;30;a;0;0
chr1;1400000;1400100;30;a;0;0
chr1;1600000;1600100;30;a;0;0
chr1;1800000;1800100;56;a;0;0
chr1;2000000;2000100;60;a;0;0
chr1;2200000;2200100;34;a;0;0
chr1;2400000;2400100;34;a;0;0
chr1;2600000;2600100;31;a;0;0
chr1;2800000;2800100;21;a;0;0
chr1;3000000;3000100;28;a;0;0
chr1;3200000;3200100;31;a;0;0
chr1;3400000;3400100;27;a;0;0
chr1;3600000;3600100;23;a;0;0
chr1;3800000;3800100;20;a;0;0
chr1;4000000;4000100;27;a;0;0
chr1;4200000;4200100;34;a;0;0
chr1;4400000;4400100;44;a;0;0
chr1;4600000;4600100;25;a;0;0
chr1;4800000;4800100;23;a;0;0
chr1;5000000;5000100;25;a;0;0
chr1;5200000;5200100;17;a;0;0
chr1;5400000;5400100;11;a;0;0
chr1;5600000;5600100;23;a;0;0
chr1;5800000;5800100;6;a;0;0
chr1;6000000;6000100;14;a;0;0
chr1;6200000;6200100;14;a;0;0
chr1;6400000;6400100;35;a;0;0
chr1;6600000;6600100;19;a;0;0
chr1;6800000;6800100;18;a;0;0
chr1;7000000;7000100;11;a;0;0
chr1;7200000;7200100;17;a;0;0
chr1;7400000;7400100;13;a;0;0
chr1;7600000;7600100;19;a;0;0
chr1;7800000;7800100;3;a;0;0
chr1;8000000;8000100;14;a;0;0
chr1;8200000;8200100;14;a;0;0
chr1;8400000;8400100;13;a;0;0
chr1;8600000;8600100;11;a;0;0
chr1;8800000;8800100;10;a;0;0
chr1;9000000;9000100;17;a;0;0
chr1;9200000;9200100;24;a;0;0
chr1;9400000;9400100;4;a;0;0
chr1;9600000;9600100;34;a;0;0
chr1;9800000;9800100;22;a;0;0
chr1;10000000;10000100;17;a;0;0
chr1;10200000;10200100;18;a;0;0
chr1;10400000;10400100;13;a;0;0
chr1;10600000;10600100;31;a;0;0
chr1;10800000;10800100;3;a;0;0
chr1;11000000;11000100;9;a;0;0
chr1;11200000;11200100;13;a;0;0
chr1;11400000;11400100;11;a;0;0
chr1;11600000;11600100;16;a;0;0
chr1;11800000;11800100;11;a;0;0
chr1;12000000;12000100;6;a;0;0
chr1;12200000;12200100;11;a;0;0
chr1;12400000;12400100;13;a;0;0
chr1;12600000;12600100;0;a;0;0
chr1;12800000;12800100;3;a;0;0
chr1;13000000;13000100;18;a;0;0
chr1;13200000;13200100;13;a;0;0
chr1;13400000;13400100;18;a;0;0
chr1;13600000;13600100;5;a;0;0
chr1;13800000;13800100;1;a;0;0
chr1;14000000;14000100;3;a;0;0
chr1;14200000;14200100;11;a;0;0
chr1;14400000;14400100;9;a;0;0
chr1;14600000;14600100;8;a;0;0
chr1;14800000;14800100;14;a;0;0
chr1;15000000;15000100;11;a;0;0
chr1;15200000;15200100;11;a;0;0
chr1;15400000;15400100;4;a;0;0
chr1;15600000;15600100;5;a;0;0
chr1;15800000;15800100;11;a;0;0
chr1;16000000;16000100;14;a;0;0
chr1;16200000;16200100;19;a;0;0
chr1;16400000;16400100;20;a;0;0
chr1;16600000;16600100;22;a;0;0
chr1;16800000;16800100;20;a;0;0
chr1;17000000;17000100;8;a;0;0
chr1;17200000;17200100;13;a;0;0
chr1;17400000;17400100;11;a;0;0
chr1;17600000;17600100;13;a;0;0
chr1;17800000;17800100;4;a;0;0
chr1;18000000;18000100;10;a;0;0
chr1;18200000;18200100;23;a;0;0
chr1;18400000;18400100;11;a;0;0
chr1;18600000;18600100;33;a;0;0
chr1;18800000;18800100;26;a;0;0
chr1;19000000;19000100;7;a;0;0
chr1;19200000;19200100;17;a;0;0
chr1;19400000;19400100;30;a;0;0
chr1;19600000;19600100;16;a;0;0
chr1;19800000;19800100;33;a;0;0
chr1;20000000;20000100;41;a;0;0
chr1;20200000;20200100;33;a;0;0
chr1;20400000;20400100;27;a;0;0
chr1;20600000;20600100;14;a;0;0
chr1;20800000;20800100;11;a;0;0
chr1;21000000;21000100;28;a;0;0
chr1;21200000;21200100;34;a;0;0
chr1;21400000;21400100;33;a;0;0
chr1;21600000;21600100;30;a;0;0
chr1;21800000;21800100;39;a;0;0
chr1;22000000;22000100;30;a;0;0
chr1;22200000;22200100;21;a;0;0
chr1;22400000;22400100;39;a;0;0
chr1;22600000;22600100;35;a;0;0
chr1;22800000;22800100;34;a;0;0
chr1;23000000;23000100;24;a;0;0
chr1;23200000;23200100;43;a;0;0
chr1;23400000;23400100;17;a;0;0
chr1;23600000;23600100;36;a;0;0
chr1;23800000;23800100;55;a;0;0
chr1;24000000;24000100;51;a;0;0
chr1;24200000;24200100;41;a;0;0
chr1;24400000;24400100;56;a;0;0
chr1;24600000;24600100;28;a;0;0
chr1;24800000;24800100;47;a;0;0
chr1;25000000;25000100;42;a;0;0
chr1;25200000;25200100;23;a;0;0
chr1;25400000;25400100;16;a;0;0
chr1;25600000;25600100;48;a;0;0
chr1;25800000;25800100;45;a;0;0
chr1;26000000;26000100;43;a;0;0
chr1;26200000;26200100;35;a;0;0
chr1;26400000;26400100;43;a;0;0
chr1;26600000;26600100;46;a;0;0
chr1;26800000;26800100;44;a;0;0
chr1;27000000;27000100;47;a;0;0
chr1;27200000;27200100;38;a;0;0
chr1;27400000;27400100;43;a;0;0
chr1;27600000;27600100;46;a;0;0
chr1;27800000;27800100;51;a;0;0
chr1;28000000;28000100;38;a;0;0
chr1;28200000;28200100;33;a;0;0
chr1;28400000;28400100;43;a;0;0
chr1;28600000;28600100;30;a;0;0
chr1;28800000;28800100;51;a;0;0
chr1;29000000;29000100;53;a;0;0
chr1;29200000;29200100;49;a;0;0
chr1;29400000;29400100;69;a;0;0
chr1;29600000;29600100;48;a;0;0
chr1;29800000;29800100;54;a;0;0
chr1;30000000;30000100;39;a;0;0
chr1;30200000;30200100;52;a;0;0
chr1;30400000;30400100;47;a;0;0
chr1;30600000;30600100;50;a;0;0
chr1;30800000;30800100;48;a;0;0
chr1;31000000;31000100;61;a;0;0
chr1;31200000;31200100;56;a;0;0
chr1;31400000;31400100;51;a;0;0
chr1;31600000;31600100;41;a;0;0
chr1;31800000;31800100;58;a;0;0
chr1;32000000;32000100;61;a;0;0
chr1;32200000;32200100;54;a;0;0
chr1;32400000;32400100;67;a;0;0
chr1;32600000;32600100;66;a;0;0
chr1;32800000;32800100;47;a;0;0
chr1;33000000;33000100;39;a;0;0
chr1;33200000;33200100;56;a;0;0
chr1;33400000;33400100;55;a;0;0
chr1;33600000;33600100;45;a;0;0
chr1;33800000;33800100;55;a;0;0
chr1;34000000;34000100;55;a;0;0
chr1;34200000;34200100;50;a;0;0
chr1;34400000;34400100;50;a;0;0
chr1;34600000;34600100;61;a;0;0
chr1;34800000;34800100;68;a;0;0
chr1;35000000;35000100;55;a;0;0
chr1;35200000;35200100;41;a;0;0
chr1;35400000;35400100;68;a;0;0
chr1;35600000;35600100;71;a;0;0
chr3;0;100;0;a;0;0
chr3;200000;200100;67;a;0;0
chr3;400000;400100;66;a;0;0
chr3;600000;600100;48;a;0;0
chr3;800000;800100;38;a;0;0
chr3;1000000;1000100;48;a;0;0
chr3;1200000;1200100;57;a;0;0
chr3;1400000;1400100;57;a;0;0
chr3;1600000;1600100;46;a;0;0
chr3;1800000;1800100;48;a;0;0
chr3;2000000;2000100;54;a;0;0
chr3;2200000;2200100;51;a;0;0
chr3;2400000;2400100;56;a;0;0
chr3;2600000;2600100;52;a;0;0
chr3;2800000;2800100;45;a;0;0
chr3;3000000;3000100;39;a;0;0
chr3;3200000;3200100;50;a;0;0
chr3;3400000;3400100;41;a;0;0
chr3;3600000;3600100;62;a;0;0
chr3;3800000;3800100;66;a;0;0
chr3;4000000;4000100;56;a;0;0
chr3;4200000;4200100;54;a;0;0
chr3;4400000;4400100;57;a;0;0
chr3;4600000;4600100;50;a;0;0
chr3;4800000;4800100;52;a;0;0
chr3;5000000;5000100;54;a;0;0
chr3;5200000;5200100;50;a;0;0
chr3;5400000;5400100;55;a;0;0
chr3;5600000;5600100;42;a;0;0
chr3;5800000;5800100;48;a;0;0
chr3;6000000;6000100;54;a;0;0
chr3;6200000;6200100;27;a;0;0
chr3;6400000;6400100;57;a;0;0
chr3;6600000;6600100;49;a;0;0
chr3;6800000;6800100;49;a;0;0
chr3;7000000;7000100;53;a;0;0
chr3;7200000;7200100;43;a;0;0
chr3;7400000;7400100;65;a;0;0
chr3;7600000;7600100;51;a;0;0
chr3;7800000;7800100;51;a;0;0
chr3;8000000;8000100;49;a;0;0
chr3;8200000;8200100;59;a;0;0
chr3;8400000;8400100;62;a;0;0
chr3;8600000;8600100;70;a;0;0
chr3;8800000;8800100;52;a;0;0
chr3;9000000;9000100;62;a;0;0
chr3;9200000;9200100;59;a;0;0
chr3;9400000;9400100;48;a;0;0
chr3;9600000;9600100;55;a;0;0
chr3;9800000;9800100;42;a;0;0
chr3;10000000;10000100;39;a;0;0
chr3;10200000;10200100;54;a;0;0
chr3;10400000;10400100;50;a;0;0
chr3;10600000;10600100;33;a;0;0
chr3;10800000;10800100;57;a;0;0
chr3;11000000;11000100;46;a;0;0
chr3;11200000;11200100;41;a;0;0
chr3;11400000;11400100;56;a;0;0
chr3;11600000;11600100;51;a;0;0
chr3;11800000;11800100;35;a;0;0
chr3;12000000;12000100;51;a;0;0
chr3;12200000;12200100;36;a;0;0
chr3;12400000;12400100;36;a;0;0
chr3;12600000;12600100;37;a;0;0
chr3;12800000;12800100;46;a;0;0
chr3;13000000;13000100;42;a;0;0
chr3;13200000;13200100;58;a;0;0
chr3;13400000;13400100;29;a;0;0
chr3;13600000;13600100;61;a;0;0
chr3;13800000;13800100;29;a;0;0
chr3;14000000;14000100;33;a;0;0
chr3;14200000;14200100;24;a;0;0
chr3;14400000;14400100;47;a;0;0
chr3;14600000;14600100;29;a;0;0
chr3;14800000;14800100;52;a;0;0
chr3;15000000;15000100;40;a;0;0
chr3;15200000;15200100;54;a;0;0
chr3;15400000;15400100;40;a;0;0
chr3;15600000;15600100;53;a;0;0
chr3;15800000;15800100;57;a;0;0
chr3;16000000;16000100;43;a;0;0
chr3;16200000;16200100;61;a;0;0
chr3;16400000;16400100;56;a;0;0
chr3;16600000;16600100;65;a;0;0
chr3;16800000;16800100;46;a;0;0
chr3;17000000;17000100;51;a;0;0
chr3;17200000;17200100;56;a;0;0
chr3;17400000;17400100;54;a;0;0
chr3;17600000;17600100;45;a;0;0
chr3;17800000;17800100;49;a;0;0
chr3;18000000;18000100;67;a;0;0
chr3;18200000;18200100;46;a;0;0
chr3;18400000;18400100;62;a;0;0
chr3;18600000;18600100;69;a;0;0
chr3;18800000;18800100;58;a;0;0
chr3;19000000;19000100;58;a;0;0
chr3;19200000;19200100;68;a;0;0
chr3;19400000;19400100;52;a;0;0
chr3;19600000;19600100;45;a;0;0
chr3;19800000;19800100;56;a;0;0
chr3;20000000;20000100;61;a;0;0
chr3;20200000;20200100;59;a;0;0
chr3;20400000;20400100;67;a;0;0
chr3;20600000;20600100;53;a;0;0
chr3;20800000;20800100;58;a;0;0
chr3;21000000;21000100;60;a;0;0
chr3;21200000;21200100;51;a;0;0
chr3;21400000;21400100;44;a;0;0
chr3;21600000;21600100;38;a;0;0
chr3;21800000;21800100;48;a;0;0
chr3;22000000;22000100;27;a;0;0
chr3;22200000;22200100;32;a;0;0
chr3;22400000;22400100;58;a;0;0
chr3;22600000;22600100;44;a;0;0
chr3;22800000;22800100;42;a;0;0
chr3;23000000;23000100;45;a;0;0
chr3;23200000;23200100;44;a;0;0
chr3;23400000;23400100;44;a;0;0
chr3;23600000;23600100;31;a;0;0
chr3;23800000;23800100;32;a;0;0
chr3;24000000;24000100;41;a;0;0
chr3;24200000;24200100;39;a;0;0
chr3;24400000;24400100;36;a;0;0
chr3;24600000;24600100;42;a;0;0
chr3;24800000;24800100;43;a;0;0
chr3;25000000;25000100;32;a;0;0
chr3;25200000;25200100;37;a;0;0
chr3;25400000;25400100;47;a;0;0
chr3;25600000;25600100;54;a;0;0
chr3;25800000;25800100;37;a;0;0
chr3;26000000;26000100;29;a;0;0
chr3;26200000;26200100;8;a;0;0
chr3;26400000;26400100;20;a;0;0
chr3;26600000;26600100;35;a;0;0
chr3;26800000;26800100;31;a;0;0
chr3;27000000;27000100;33;a;0;0
chr3;27200000;27200100;24;a;0;0
chr3;27400000;27400100;37;a;0;0
chr3;27600000;27600100;14;a;0;0
chr3;27800000;27800100;20;a;0;0
chr3;28000000;28000100;32;a;0;0
chr3;28200000;28200100;41;a;0;0
chr3;28400000;28400100;19;a;0;0
chr3;28600000;28600100;7;a;0;0
chr3;28800000;28800100;24;a;0;0
chr3;29000000;29000100;16;a;0;0
chr3;29200000;29200100;10;a;0;0
chr3;29400000;29400100;37;a;0;0
chr3;29600000;29600100;17;a;0;0
chr3;29800000;29800100;11;a;0;0
chr3;30000000;30000100;15;a;0;0
chr3;30200000;30200100;33;a;0;0
chr3;30400000;30400100;10;a;0;0
chr3;30600000;30600100;16;a;0;0
chr3;30800000;30800100;35;a;0;0
chr3;31000000;31000100;12;a;0;0
chr3;31200000;31200100;30;a;0;0
chr3;31400000;31400100;12;a;0;0
chr3;31600000;31600100;10;a;0;0
chr3;31800000;31800100;17;a;0;0
chr3;32000000;32000100;29;a;0;0
chr3;32200000;32200100;27;a;0;0
chr3;32400000;32400100;23;a;0;0
chr3;32600000;32600100;18;a;0;0
chr3;32800000;32800100;20;a;0;0
chr3;33000000;33000100;28;a;0;0
chr3;33200000;33200100;8;a;0;0
chr3;33400000;33400100;13;a;0;0
chr3;33600000;33600100;1;a;0;0
chr3;33800000;33800100;15;a;0;0
chr3;34000000;34000100;1;a;0;0
chr3;34200000;34200100;22;a;0;0
chr3;34400000;34400100;31;a;0;0
chr3;34600000;34600100;1;a;0;0
chr3;34800000;34800100;12;a;0;0
chr3;35000000;35000100;15;a;0;0
chr3;35200000;35200100;10;a;0;0
chr3;35400000;35400100;0;a;0;0
chr3;35600000;35600100;14;a;0;0
chr3;35800000;35800100;20;a;0;0
chr3;36000000;36000100;18;a;0;0
chr3;36200000;36200100;10;a;0;0
chr3;36400000;36400100;5;a;0;0
chr3;36600000;36600100;15;a;0;0
chr3;36800000;36800100;31;a;0;0
chr3;37000000;37000100;11;a;0;0
chr3;37200000;37200100;5;a;0;0
chr3;37400000;37400100;10;a;0;0
chr3;37600000;37600100;12;a;0;0
chr3;37800000;37800100;7;a;0;0
chr3;38000000;38000100;13;a;0;0
chr3;38200000;38200100;7;a;0;0
chr3;38400000;38400100;8;a;0;0
chr3;38600000;38600100;3;a;0;0
chr3;38800000;38800100;15;a;0;0
chr3;39000000;39000100;18;a;0;0
chr3;39200000;39200100;9;a;0;0
chr3;39400000;39400100;19;a;0;0
chr3;39600000;39600100;4;a;0;0
chr3;39800000;39800100;13;a;0;0
chr3;40000000;40000100;13;a;0;0
chr3;40200000;40200100;0;a;0;0
chr3;40400000;40400100;4;a;0;0
chr3;40600000;40600100;10;a;0;0
chr3;40800000;40800100;13;a;0;0
chr3;41000000;41000100;15;a;0;0
chr3;41200000;41200100;17;a;0;0
chr3;41400000;41400100;8;a;0;0
chr3;41600000;41600100;23;a;0;0
chr3;41800000;41800100;17;a;0;0
chr3;42000000;42000100;10;a;0;0
chr3;42200000;42200100;15;a;0;0
chr3;42400000;42400100;11;a;0;0
chr3;42600000;42600100;4;a;0;0
chr3;42800000;42800100;3;a;0;0
chr3;43000000;43000100;2;a;0;0
chr3;43200000;43200100;11;a;0;0
chr3;43400000;43400100;4;a;0;0
chr3;43600000;43600100;4;a;0;0
chr3;43800000;43800100;6;a;0;0
chr3;44000000;44000100;8;a;0;0
chr3;44200000;44200100;19;a;0;0
chr3;44400000;44400100;28;a;0;0
chr3;44600000;44600100;3;a;0;0
chr3;44800000;44800100;17;a;0;0
chr3;45000000;45000100;6;a;0;0
chr3;45200000;45200100;11;a;0;0
chr3;45400000;45400100;10;a;0;0
chr3;45600000;45600100;8;a;0;0
chr3;45800000;45800100;8;a;0;0
chr3;46000000;46000100;11;a;0;0
chr3;46200000;46200100;8;a;0;0
chr3;46400000;46400100;17;a;0;0
chr3;46600000;46600100;14;a;0;0
chr3;46800000;46800100;16;a;0;0
chr3;47000000;47000100;22;a;0;0
chr3;47200000;47200100;18;a;0;0
chr3;47400000;47400100;20;a;0;0
chr3;47600000;47600100;25;a;0;0
chr3;47800000;47800100;34;a;0;0
chr3;48000000;48000100;33;a;0;0
chr3;48200000;48200100;10;a;0;0
chr3;48400000;48400100;49;a;0;0
chr3;48600000;48600100;33;a;0;0
chr3;48800000;48800100;25;a;0;0
chr3;49000000;49000100;21;a;0;0
chr3;49200000;49200100;43;a;0;0
chr3;49400000;49400100;29;a;0;0
chr3;49600000;49600100;18;a;0;0
chr3;49800000;49800100;39;a;0;0
chr3;50000000;50000100;35;a;0;0
chr3;50200000;50200100;19;a;0;0
chr3;50400000;50400100;37;a;0;0
chr3;50600000;50600100;10;a;0;0
chr3;50800000;50800100;37;a;0;0
chr3;51000000;51000100;48;a;0;0
chr3;51200000;51200100;16;a;0;0
chr3;51400000;51400100;18;a;0;0
chr3;51600000;51600100;21;a;0;0
chr3;51800000;51800100;36;a;0;0
chr3;52000000;52000100;28;a;0;0
chr3;52200000;52200100;51;a;0;0
chr3;52400000;52400100;46;a;0;0
chr3;52600000;52600100;50;a;0;0
chr3;52800000;52800100;27;a;0;0
chr3;53000000;53000100;25;a;0;0
chr3;53200000;53200100;36;a;0;0
chr3;53400000;53400100;53;a;0;0
chr3;53600000;53600100;39;a;0;0
chr3;53800000;53800100;46;a;0;0
chr3;54000000;54000100;37;a;0;0
chr3;54200000;54200100;41;a;0;0
chr3;54400000;54400100;45;a;0;0
chr3;54600000;54600100;45;a;0;0
chr3;54800000;54800100;56;a;0;0
chr3;55000000;55000100;47;a;0;0
chr3;55200000;55200100;32;a;0;0
chr3;55400000;55400100;56;a;0;0
chr3;55600000;55600100;53;a;0;0
chr3;55800000;55800100;45;a;0;0
chr3;56000000;56000100;53;a;0;0
chr3;56200000;56200100;43;a;0;0
chr3;56400000;56400100;57;a;0;0
chr3;56600000;56600100;61;a;0;0
chr3;56800000;56800100;58;a;0;0
chr3;57000000;57000100;50;a;0;0
chr3;57200000;57200100;48;a;0;0
chr3;57400000;57400100;49;a;0;0
chr3;57600000;57600100;44;a;0;0
chr3;57800000;57800100;47;a;0;0
chr3;58000000;58000100;45;a;0;0
chr3;58200000;58200100;42;a;0;0
chr5;0;100;0;a;0;0
chr5;200000;200100;74;a;0;0
chr5;400000;400100;70;a;0;0
chr5;600000;600100;50;a;0;0
chr5;800000;800100;51;a;0;0
chr5;1000000;1000100;45;a;0;0
chr5;1200000;1200100;60;a;0;0
chr5;1400000;1400100;45;a;0;0
chr5;1600000;1600100;49;a;0;0
chr5;1800000;1800100;56;a;0;0
chr5;2000000;2000100;56;a;0;0
chr5;2200000;2200100;50;a;0;0
chr5;2400000;2400100;66;a;0;0
chr5;2600000;2600100;47;a;0;0
chr5;2800000;2800100;59;a;0;0
chr5;3000000;3000100;40;a;0;0
chr5;3200000;3200100;51;a;0;0
chr5;3400000;3400100;41;a;0;0
chr5;3600000;3600100;43;a;0;0
chr5;3800000;3800100;50;a;0;0
chr5;4000000;4000100;48;a;0;0
chr5;4200000;4200100;42;a;0;0
chr5;4400000;4400100;58;a;0;0
chr5;4600000;4600100;25;a;0;0
chr5;4800000;4800100;57;a;0;0
chr5;5000000;5000100;54;a;0;0
chr5;5200000;5200100;40;a;0;0
chr5;5400000;5400100;48;a;0;0
chr5;5600000;5600100;44;a;0;0
chr5;5800000;5800100;43;a;0;0
chr5;6000000;6000100;61;a;0;0
chr5;6200000;6200100;39;a;0;0
chr5;6400000;6400100;28;a;0;0
chr5;6600000;6600100;31;a;0;0
chr5;6800000;6800100;56;a;0;0
chr5;7000000;7000100;49;a;0;0
chr5;7200000;7200100;37;a;0;0
chr5;7400000;7400100;35;a;0;0
chr5;7600000;7600100;53;a;0;0
chr5;7800000;7800100;38;a;0;0
chr5;8000000;8000100;18;a;0;0
chr5;8200000;8200100;35;a;0;0
chr5;8400000;8400100;24;a;0;0
chr5;8600000;8600100;33;a;0;0
chr5;8800000;8800100;17;a;0;0
chr5;9000000;9000100;27;a;0;0
chr5;9200000;9200100;36;a;0;0
chr5;9400000;9400100;18;a;0;0
chr5;9600000;9600100;44;a;0;0
chr5;9800000;9800100;14;a;0;0
chr5;10000000;10000100;6;a;0;0
chr5;10200000;10200100;5;a;0;0
chr5;10400000;10400100;31;a;0;0
chr5;10600000;10600100;22;a;0;0
chr5;10800000;10800100;22;a;0;0
chr5;11000000;11000100;40;a;0;0
chr5;11200000;11200100;29;a;0;0
chr5;11400000;11400100;33;a;0;0
chr5;11600000;11600100;42;a;0;0
chr5;11800000;11800100;23;a;0;0
chr5;12000000;12000100;18;a;0;0
chr5;12200000;12200100;51;a;0;0
chr5;12400000;12400100;47;a;0;0
chr5;12600000;12600100;40;a;0;0
chr5;12800000;12800100;37;a;0;0
chr5;13000000;13000100;46;a;0;0
chr5;13200000;13200100;28;a;0;0
chr5;13400000;13400100;4;a;0;0
chr5;13600000;13600100;18;a;0;0
chr5;13800000;13800100;15;a;0;0
chr5;14000000;14000100;20;a;0;0
chr5;14200000;14200100;41;a;0;0
chr5;14400000;14400100;32;a;0;0
chr5;14600000;14600100;8;a;0;0
chr5;14800000;14800100;12;a;0;0
chr5;15000000;15000100;22;a;0;0
chr5;15200000;15200100;34;a;0;0
chr5;15400000;15400100;3;a;0;0
chr5;15600000;15600100;17;a;0;0
chr5;15800000;15800100;13;a;0;0
chr5;16000000;16000100;3;a;0;0
chr5;16200000;16200100;17;a;0;0
chr5;16400000;16400100;7;a;0;0
chr5;16600000;16600100;0;a;0;0
chr5;16800000;16800100;3;a;0;0
chr5;17000000;17000100;20;a;0;0
chr5;17200000;17200100;31;a;0;0
chr5;17400000;17400100;35;a;0;0
chr5;17600000;17600100;14;a;0;0
chr5;17800000;17800100;15;a;0;0
chr5;18000000;18000100;2;a;0;0
chr5;18200000;18200100;11;a;0;0
chr5;18400000;18400100;17;a;0;0
chr5;18600000;18600100;7;a;0;0
chr5;18800000;18800100;7;a;0;0
chr5;19000000;19000100;7;a;0;0
chr5;19200000;19200100;6;a;0;0
chr5;19400000;19400100;16;a;0;0
chr5;19600000;19600100;10;a;0;0
chr5;19800000;19800100;6;a;0;0
chr5;20000000;20000100;13;a;0;0
chr5;20200000;20200100;13;a;0;0
chr5;20400000;20400100;17;a;0;0
chr5;20600000;20600100;19;a;0;0
chr5;20800000;20800100;36;a;0;0
chr5;21000000;21000100;19;a;0;0
chr5;21200000;21200100;15;a;0;0
chr5;21400000;21400100;19;a;0;0
chr5;21600000;21600100;3;a;0;0
chr5;21800000;21800100;14;a;0;0
chr5;22000000;22000100;12;a;0;0
chr5;22200000;22200100;5;a;0;0
chr5;22400000;22400100;6;a;0;0
chr5;22600000;22600100;15;a;0;0
chr5;22800000;22800100;22;a;0;0
chr5;23000000;23000100;21;a;0;0
chr5;23200000;23200100;31;a;0;0
chr5;23400000;23400100;22;a;0;0
chr5;23600000;23600100;14;a;0;0
chr5;23800000;23800100;9;a;0;0
chr5;24000000;24000100;16;a;0;0
chr5;24200000;24200100;10;a;0;0
chr5;24400000;24400100;16;a;0;0
chr5;24600000;24600100;4;a;0;0
chr5;24800000;24800100;2;a;0;0
chr5;25000000;25000100;23;a;0;0
chr5;25200000;25200100;12;a;0;0
chr5;25400000;25400100;15;a;0;0
chr5;25600000;25600100;22;a;0;0
chr5;25800000;25800100;17;a;0;0
chr5;26000000;26000100;13;a;0;0
chr5;26200000;26200100;33;a;0;0
chr5;26400000;26400100;20;a;0;0
chr5;26600000;26600100;17;a;0;0
chr5;26800000;26800100;17;a;0;0
chr5;27000000;27000100;32;a;0;0
chr5;27200000;27200100;25;a;0;0
chr5;27400000;27400100;40;a;0;0
chr5;27600000;27600100;16;a;0;0
chr5;27800000;27800100;20;a;0;0
chr5;28000000;28000100;14;a;0;0
chr5;28200000;28200100;43;a;0;0
chr5;28400000;28400100;12;a;0;0
chr5;28600000;28600100;22;a;0;0
chr5;28800000;28800100;14;a;0;0
chr5;29000000;29000100;17;a;0;0
chr5;29200000;29200100;44;a;0;0
chr5;29400000;29400100;31;a;0;0
chr5;29600000;29600100;31;a;0;0
chr5;29800000;29800100;34;a;0;0
chr5;30000000;30000100;24;a;0;0
chr5;30200000;30200100;32;a;0;0
chr5;30400000;30400100;36;a;0;0
chr5;30600000;30600100;36;a;0;0
chr5;30800000;30800100;33;a;0;0
chr7;0;100;0;a;0;0
chr7;200000;200100;78;a;0;0
chr7;400000;400100;40;a;0;0
chr7;600000;600100;61;a;0;0
chr7;800000;800100;63;a;0;0
chr7;1000000;1000100;52;a;0;0
chr7;1200000;1200100;56;a;0;0
chr7;1400000;1400100;64;a;0;0
chr7;1600000;1600100;59;a;0;0
chr7;1800000;1800100;69;a;0;0
chr7;2000000;2000100;59;a;0;0
chr7;2200000;2200100;48;a;0;0
chr7;2400000;2400100;63;a;0;0
chr7;2600000;2600100;51;a;0;0
chr7;2800000;2800100;62;a;0;0
chr7;3000000;3000100;48;a;0;0
chr7;3200000;3200100;36;a;0;0
chr7;3400000;3400100;34;a;0;0
chr7;3600000;3600100;55;a;0;0
chr7;3800000;3800100;43;a;0;0
chr7;4000000;4000100;57;a;0;0
chr7;4200000;4200100;52;a;0;0
chr7;4400000;4400100;59;a;0;0
chr7;4600000;4600100;63;a;0;0
chr7;4800000;4800100;51;a;0;0
chr7;5000000;5000100;60;a;0;0
chr7;5200000;5200100;45;a;0;0
chr7;5400000;5400100;53;a;0;0
chr7;5600000;5600100;55;a;0;0
chr7;5800000;5800100;36;a;0;0
chr7;6000000;6000100;64;a;0;0
chr7;6200000;6200100;43;a;0;0
chr7;6400000;6400100;55;a;0;0
chr7;6600000;6600100;51;a;0;0
chr7;6800000;6800100;40;a;0;0
chr7;7000000;7000100;50;a;0;0
chr7;7200000;7200100;52;a;0;0
chr7;7400000;7400100;72;a;0;0
chr7;7600000;7600100;68;a;0;0
chr7;7800000;7800100;52;a;0;0
chr7;8000000;8000100;47;a;0;0
chr7;8200000;8200100;36;a;0;0
chr7;8400000;8400100;29;a;0;0
chr7;8600000;8600100;57;a;0;0
chr7;8800000;8800100;30;a;0;0
chr7;9000000;9000100;57;a;0;0
chr7;9200000;9200100;52;a;0;0
chr7;9400000;9400100;38;a;0;0
chr7;9600000;9600100;41;a;0;0
chr7;9800000;9800100;45;a;0;0
chr7;10000000;10000100;40;a;0;0
chr7;10200000;10200100;23;a;0;0
chr7;10400000;10400100;28;a;0;0
chr7;10600000;10600100;19;a;0;0
chr7;10800000;10800100;35;a;0;0
chr7;11000000;11000100;35;a;0;0
chr7;11200000;11200100;39;a;0;0
chr7;11400000;11400100;24;a;0;0
chr7;11600000;11600100;46;a;0;0
chr7;11800000;11800100;28;a;0;0
chr7;12000000;12000100;47;a;0;0
chr7;12200000;12200100;28;a;0;0
chr7;12400000;12400100;36;a;0;0
chr7;12600000;12600100;22;a;0;0
chr7;12800000;12800100;17;a;0;0
chr7;13000000;13000100;37;a;0;0
chr7;13200000;13200100;33;a;0;0
chr7;13400000;13400100;34;a;0;0
chr7;13600000;13600100;24;a;0;0
chr7;13800000;13800100;8;a;0;0
chr7;14000000;14000100;14;a;0;0
chr7;14200000;14200100;4;a;0;0
chr7;14400000;14400100;28;a;0;0
chr7;14600000;14600100;26;a;0;0
chr7;14800000;14800100;27;a;0;0
chr7;15000000;15000100;21;a;0;0
chr7;15200000;15200100;18;a;0;0
chr7;15400000;15400100;10;a;0;0
chr7;15600000;15600100;17;a;0;0
chr7;15800000;15800100;39;a;0;0
chr7;16000000;16000100;14;a;0;0
chr7;16200000;16200100;31;a;0;0
chr7;16400000;16400100;17;a;0;0
chr7;16600000;16600100;8;a;0;0
chr7;16800000;16800100;9;a;0;0
chr7;17000000;17000100;9;a;0;0
chr7;17200000;17200100;15;a;0;0
chr7;17400000;17400100;11;a;0;0
chr7;17600000;17600100;17;a;0;0
chr7;17800000;17800100;10;a;0;0
chr7;18000000;18000100;18;a;0;0
chr7;18200000;18200100;4;a;0;0
chr7;18400000;18400100;10;a;0;0
chr7;18600000;18600100;4;a;0;0
chr7;18800000;18800100;10;a;0;0
chr7;19000000;19000100;1;a;0;0
chr7;19200000;19200100;0;a;0;0
chr7;19400000;19400100;4;a;0;0
chr7;19600000;19600100;21;a;0;0
chr7;19800000;19800100;6;a;0;0
chr7;20000000;20000100;2;a;0;0
chr7;20200000;20200100;17;a;0;0
chr7;20400000;20400100;0;a;0;0
chr7;20600000;20600100;4;a;0;0
chr7;20800000;20800100;12;a;0;0
chr7;21000000;21000100;10;a;0;0
chr7;21200000;21200100;9;a;0;0
chr7;21400000;21400100;2;a;0;0
chr7;21600000;21600100;9;a;0;0
chr7;21800000;21800100;7;a;0;0
chr7;22000000;22000100;5;a;0;0
chr7;22200000;22200100;6;a;0;0
chr7;22400000;22400100;16;a;0;0
chr7;22600000;22600100;27;a;0;0
chr7;22800000;22800100;9;a;0;0
chr7;23000000;23000100;7;a;0;0
chr7;23200000;23200100;9;a;0;0
chr7;23400000;23400100;14;a;0;0
chr7;23600000;23600100;20;a;0;0
chr7;23800000;23800100;23;a;0;0
chr7;24000000;24000100;18;a;0;0
chr7;24200000;24200100;13;a;0;0
chr7;24400000;24400100;15;a;0;0
chr7;24600000;24600100;5;a;0;0
chr7;24800000;24800100;15;a;0;0
chr7;25000000;25000100;12;a;0;0
chr7;25200000;25200100;14;a;0;0
chr7;25400000;25400100;18;a;0;0
chr7;25600000;25600100;14;a;0;0
chr7;25800000;25800100;20;a;0;0
chr7;26000000;26000100;25;a;0;0
chr7;26200000;26200100;31;a;0;0
chr7;26400000;26400100;11;a;0;0
chr7;26600000;26600100;18;a;0;0
chr7;26800000;26800100;20;a;0;0
chr7;27000000;27000100;37;a;0;0
chr7;27200000;27200100;21;a;0;0
chr7;27400000;27400100;16;a;0;0
chr7;27600000;27600100;19;a;0;0
chr7;27800000;27800100;23;a;0;0
chr7;28000000;28000100;15;a;0;0
chr7;28200000;28200100;16;a;0;0
chr7;28400000;28400100;42;a;0;0
chr7;28600000;28600100;30;a;0;0
chr7;28800000;28800100;17;a;0;0
chr7;29000000;29000100;27;a;0;0
chr7;29200000;29200100;43;a;0;0
chr7;29400000;29400100;42;a;0;0
chr7;29600000;29600100;21;a;0;0
chr7;29800000;29800100;29;a;0;0
chr7;30000000;30000100;41;a;0;0
chr7;30200000;30200100;62;a;0;0
chr9;0;100;0;a;0;0
chr9;200000;200100;25;a;0;0
chr9;400000;400100;35;a;0;0
chr9;600000;600100;24;a;0;0
chr9;800000;800100;44;a;0;0
chr9;1000000;1000100;13;a;0;0
chr9;1200000;1200100;28;a;0;0
chr9;1400000;1400100;18;a;0;0
chr9;1600000;1600100;18;a;0;0
chr9;1800000;1800100;25;a;0;0
chr9;2000000;2000100;9;a;0;0
chr9;2200000;2200100;19;a;0;0
chr9;2400000;2400100;9;a;0;0
chr9;2600000;2600100;13;a;0;0
chr9;2800000;2800100;37;a;0;0
chr9;3000000;3000100;27;a;0;0
chr9;3200000;3200100;12;a;0;0
chr9;3400000;3400100;11;a;0;0
chr9;3600000;3600100;18;a;0;0
chr9;3800000;3800100;22;a;0;0
chr9;4000000;4000100;9;a;0;0
chr9;4200000;4200100;20;a;0;0
chr9;4400000;4400100;18;a;0;0
chr9;4600000;4600100;29;a;0;0
chr9;4800000;4800100;8;a;0;0
chr9;5000000;5000100;2;a;0;0
chr9;5200000;5200100;27;a;0;0
chr9;5400000;5400100;13;a;0;0
chr9;5600000;5600100;9;a;0;0
chr9;5800000;5800100;17;a;0;0
chr9;6000000;6000100;3;a;0;0
chr9;6200000;6200100;21;a;0;0
chr9;6400000;6400100;12;a;0;0
chr9;6600000;6600100;14;a;0;0
chr9;6800000;6800100;17;a;0;0
chr9;7000000;7000100;15;a;0;0
chr9;7200000;7200100;10;a;0;0
chr9;7400000;7400100;1;a;0;0
chr9;7600000;7600100;10;a;0;0
chr9;7800000;7800100;10;a;0;0
chr9;8000000;8000100;9;a;0;0
chr9;8200000;8200100;15;a;0;0
chr9;8400000;8400100;7;a;0;0
chr9;8600000;8600100;8;a;0;0
chr9;8800000;8800100;9;a;0;0
chr9;9000000;9000100;11;a;0;0
chr9;9200000;9200100;21;a;0;0
chr9;9400000;9400100;18;a;0;0
chr9;9600000;9600100;23;a;0;0
chr9;9800000;9800100;8;a;0;0
chr9;10000000;10000100;13;a;0;0
chr9;10200000;10200100;4;a;0;0
chr9;10400000;10400100;26;a;0;0
chr9;10600000;10600100;13;a;0;0
chr9;10800000;10800100;19;a;0;0
chr9;11000000;11000100;15;a;0;0
chr9;11200000;11200100;20;a;0;0
chr9;11400000;11400100;29;a;0;0
chr9;11600000;11600100;19;a;0;0
chr9;11800000;11800100;9;a;0;0
chr9;12000000;12000100;34;a;0;0
chr9;12200000;12200100;11;a;0;0
chr9;12400000;12400100;5;a;0;0
chr9;12600000;12600100;21;a;0;0
chr9;12800000;12800100;13;a;0;0
chr9;13000000;13000100;4;a;0;0
chr9;13200000;13200100;17;a;0;0
chr9;13400000;13400100;15;a;0;0
chr9;13600000;13600100;15;a;0;0
chr9;13800000;13800100;20;a;0;0
chr9;14000000;14000100;16;a;0;0
chr9;14200000;14200100;25;a;0;0
chr9;14400000;14400100;1;a;0;0
chr9;14600000;14600100;12;a;0;0
chr9;14800000;14800100;2;a;0;0
chr9;15000000;15000100;0;a;0;0
chr9;15200000;15200100;20;a;0;0
chr9;15400000;15400100;10;a;0;0
chr9;15600000;15600100;12;a;0;0
chr9;15800000;15800100;11;a;0;0
chr9;16000000;16000100;12;a;0;0
chr9;16200000;16200100;9;a;0;0
chr9;16400000;16400100;0;a;0;0
chr9;16600000;16600100;42;a;0;0
chr9;16800000;16800100;18;a;0;0
chr9;17000000;17000100;29;a;0;0
chr9;17200000;17200100;25;a;0;0
chr9;17400000;17400100;16;a;0;0
chr9;17600000;17600100;10;a;0;0
chr9;17800000;17800100;12;a;0;0
chr9;18000000;18000100;11;a;0;0
chr9;18200000;18200100;11;a;0;0
chr9;18400000;18400100;21;a;0;0
chr9;18600000;18600100;6;a;0;0
chr9;18800000;18800100;18;a;0;0
chr9;19000000;19000100;19;a;0;0
chr9;19200000;19200100;11;a;0;0
chr9;19400000;19400100;10;a;0;0
chr9;19600000;19600100;28;a;0;0
chr9;19800000;19800100;18;a;0;0
chr9;20000000;20000100;32;a;0;0
chr9;20200000;20200100;28;a;0;0
chr9;20400000;20400100;28;a;0;0
chr9;20600000;20600100;17;a;0;0
chr9;20800000;20800100;24;a;0;0
chr9;21000000;21000100;20;a;0;0
chr9;21200000;21200100;25;a;0;0
chr9;21400000;21400100;5;a;0;0
chr9;21600000;21600100;12;a;0;0
chr9;21800000;21800100;19;a;0;0
chr9;22000000;22000100;14;a;0;0
chr9;22200000;22200100;43;a;0;0
chr9;22400000;22400100;28;a;0;0
chr9;22600000;22600100;12;a;0;0
chr9;22800000;22800100;34;a;0;0
chr9;23000000;23000100;33;a;0;0
chr9;23200000;23200100;29;a;0;0
chr9;23400000;23400100;45;a;0;0
chr9;23600000;23600100;23;a;0;0
chr9;23800000;23800100;40;a;0;0
chr9;24000000;24000100;25;a;0;0
chr9;24200000;24200100;49;a;0;0
chr9;24400000;24400100;58;a;0;0
chr9;24600000;24600100;46;a;0;0
chr9;24800000;24800100;33;a;0;0
chr9;25000000;25000100;39;a;0;0
chr9;25200000;25200100;43;a;0;0
chr9;25400000;25400100;20;a;0;0
chr9;25600000;25600100;23;a;0;0
chr9;25800000;25800100;29;a;0;0
chr9;26000000;26000100;42;a;0;0
chr9;26200000;26200100;38;a;0;0
chr9;26400000;26400100;35;a;0;0
chr9;26600000;26600100;41;a;0;0
chr9;26800000;26800100;45;a;0;0
chr9;27000000;27000100;47;a;0;0
chr9;27200000;27200100;57;a;0;0
chr9;27400000;27400100;33;a;0;0
chr9;27600000;27600100;48;a;0;0
chr9;27800000;27800100;54;a;0;0
chr9;28000000;28000100;68;a;0;0
chr9;28200000;28200100;41;a;0;0
chr9;28400000;28400100;48;a;0;0
chr9;28600000;28600100;37;a;0;0
chr9;28800000;28800100;60;a;0;0
chr9;29000000;29000100;42;a;0;0
chr9;29200000;29200100;47;a;0;0
chr9;29400000;29400100;66;a;0;0
chr9;29600000;29600100;58;a;0;0
chr9;29800000;29800100;44;a;0;0
chr9;30000000;30000100;60;a;0;0
chr9;30200000;30200100;52;a;0;0
chr9;30400000;30400100;51;a;0;0
chr9;30600000;30600100;46;a;0;0
chr9;30800000;30800100;61;a;0;0
chr9;31000000;31000100;42;a;0;0
chr9;31200000;31200100;62;a;0;0
chr9;31400000;31400100;64;a;0;0
chr9;31600000;31600100;62;a;0;0
chr9;31800000;31800100;64;a;0;0
chr9;32000000;32000100;60;a;0;0
chr9;32200000;32200100;52;a;0;0
chr9;32400000;32400100;72;a;0;0
chr9;32600000;32600100;34;a;0;0
chr9;32800000;32800100;60;a;0;0
chr9;33000000;33000100;48;a;0;0
chr9;33200000;33200100;49;a;0;0
chr9;33400000;33400100;78;a;0;0
chr11;0;100;0;a;0;0
chr11;200000;200100;40;a;0;0
chr11;400000;400100;39;a;0;0
chr11;600000;600100;55;a;0;0
chr11;800000;800100;53;a;0;0
chr11;1000000;1000100;59;a;0;0
chr11;1200000;1200100;39;a;0;0
chr11;1400000;1400100;51;a;0;0
chr11;1600000;1600100;32;a;0;0
chr11;1800000;1800100;48;a;0;0
chr11;2000000;2000100;48;a;0;0
chr11;2200000;2200100;58;a;0;0
chr11;2400000;2400100;58;a;0;0
chr11;2600000;2600100;62;a;0;0
chr11;2800000;2800100;55;a;0;0
chr11;3000000;3000100;38;a;0;0
chr11;3200000;3200100;49;a;0;0
chr11;3400000;3400100;43;a;0;0
chr11;3600000;3600100;58;a;0;0
chr11;3800000;3800100;61;a;0;0
chr11;4000000;4000100;45;a;0;0
chr11;4200000;4200100;47;a;0;0
chr11;4400000;4400100;33;a;0;0
chr11;4600000;4600100;50;a;0;0
chr11;4800000;4800100;57;a;0;0
chr11;5000000;5000100;33;a;0;0
chr11;5200000;5200100;41;a;0;0
chr11;5400000;5400100;55;a;0;0
chr11;5600000;5600100;45;a;0;0
chr11;5800000;5800100;68;a;0;0
chr11;6000000;6000100;54;a;0;0
chr11;6200000;6200100;46;a;0;0
chr11;6400000;6400100;46;a;0;0
chr11;6600000;6600100;48;a;0;0
chr11;6800000;6800100;60;a;0;0
chr11;7000000;7000100;41;a;0;0
chr11;7200000;7200100;48;a;0;0
chr11;7400000;7400100;54;a;0;0
chr11;7600000;7600100;51;a;0;0
chr11;7800000;7800100;50;a;0;0
chr11;8000000;8000100;49;a;0;0
chr11;8200000;8200100;42;a;0;0
chr11;8400000;8400100;62;a;0;0
chr11;8600000;8600100;48;a;0;0
chr11;8800000;8800100;58;a;0;0
chr11;9000000;9000100;55;a;0;0
chr11;9200000;9200100;47;a;0;0
chr11;9400000;9400100;53;a;0;0
chr11;9600000;9600100;63;a;0;0
chr11;9800000;9800100;50;a;0;0
chr11;10000000;10000100;42;a;0;0
chr11;10200000;10200100;47;a;0;0
chr11;10400000;10400100;60;a;0;0
chr11;10600000;10600100;20;a;0;0
chr11;10800000;10800100;30;a;0;0
chr11;11000000;11000100;37;a;0;0
chr11;11200000;11200100;40;a;0;0
chr11;11400000;11400100;45;a;0;0
chr11;11600000;11600100;31;a;0;0
chr11;11800000;11800100;31;a;0;0
chr11;12000000;12000100;42;a;0;0
chr11;12200000;12200100;43;a;0;0
chr11;12400000;12400100;45;a;0;0
chr11;12600000;12600100;40;a;0;0
chr11;12800000;12800100;56;a;0;0
chr11;13000000;13000100;38;a;0;0
chr11;13200000;13200100;45;a;0;0
chr11;13400000;13400100;52;a;0;0
chr11;13600000;13600100;42;a;0;0
chr11;13800000;13800100;47;a;0;0
chr11;14000000;14000100;44;a;0;0
chr11;14200000;14200100;46;a;0;0
chr11;14400000;14400100;26;a;0;0
chr11;14600000;14600100;39;a;0;0
chr11;14800000;14800100;44;a;0;0
chr11;15000000;15000100;36;a;0;0
chr11;15200000;15200100;53;a;0;0
chr11;15400000;15400100;33;a;0;0
chr11;15600000;15600100;49;a;0;0
chr11;15800000;15800100;53;a;0;0
chr11;16000000;16000100;37;a;0;0
chr11;16200000;16200100;30;a;0;0
chr11;16400000;16400100;45;a;0;0
chr11;16600000;16600100;47;a;0;0
chr11;16800000;16800100;23;a;0;0
chr11;17000000;17000100;31;a;0;0
chr11;17200000;17200100;9;a;0;0
chr11;17400000;17400100;11;a;0;0
chr11;17600000;17600100;7;a;0;0
chr11;17800000;17800100;23;a;0;0
chr11;18000000;18000100;38;a;0;0
chr11;18200000;18200100;19;a;0;0
chr11;18400000;18400100;5;a;0;0
chr11;18600000;18600100;23;a;0;0
chr11;18800000;18800100;19;a;0;0
chr11;19000000;19000100;19;a;0;0
chr11;19200000;19200100;34;a;0;0
chr11;19400000;19400100;23;a;0;0
chr11;19600000;19600100;40;a;0;0
chr11;19800000;19800100;25;a;0;0
chr11;20000000;20000100;21;a;0;0
chr11;20200000;20200100;18;a;0;0
chr11;20400000;20400100;10;a;0;0
chr11;20600000;20600100;15;a;0;0
chr11;20800000;20800100;10;a;0;0
chr11;21000000;21000100;25;a;0;0
chr11;21200000;21200100;15;a;0;0
chr11;21400000;21400100;25;a;0;0
chr11;21600000;21600100;16;a;0;0
chr11;21800000;21800100;12;a;0;0
chr11;22000000;22000100;12;a;0;0
chr11;22200000;22200100;23;a;0;0
chr11;22400000;22400100;36;a;0;0
chr11;22600000;22600100;19;a;0;0
chr11;22800000;22800100;19;a;0;0
chr11;23000000;23000100;15;a;0;0
chr11;23200000;23200100;10;a;0;0
chr11;23400000;23400100;24;a;0;0
chr11;23600000;23600100;25;a;0;0
chr11;23800000;23800100;21;a;0;0
chr11;24000000;24000100;1;a;0;0
chr11;24200000;24200100;20;a;0;0
chr11;24400000;24400100;14;a;0;0
chr11;24600000;24600100;13;a;0;0
chr11;24800000;24800100;20;a;0;0
chr11;25000000;25000100;27;a;0;0
chr11;25200000;25200100;12;a;0;0
chr11;25400000;25400100;20;a;0;0
chr11;25600000;25600100;1;a;0;0
chr11;25800000;25800100;5;a;0;0
chr11;26000000;26000100;8;a;0;0
chr11;26200000;26200100;8;a;0;0
chr11;26400000;26400100;10;a;0;0
chr11;26600000;26600100;20;a;0;0
chr11;26800000;26800100;10;a;0;0
chr11;27000000;27000100;1;a;0;0
chr11;27200000;27200100;8;a;0;0
chr11;27400000;27400100;2;a;0;0
chr11;27600000;27600100;43;a;0;0
chr11;27800000;27800100;36;a;0;0
chr11;28000000;28000100;3;a;0;0
chr11;28200000;28200100;4;a;0;0
chr11;28400000;28400100;11;a;0;0
chr11;28600000;28600100;9;a;0;0
chr11;28800000;28800100;4;a;0;0
chr11;29000000;29000100;9;a;0;0
chr11;29200000;29200100;3;a;0;0
chr11;29400000;29400100;18;a;0;0
chr11;29600000;29600100;26;a;0;0
chr11;29800000;29800100;17;a;0;0
chr11;30000000;30000100;16;a;0;0
chr11;30200000;30200100;15;a;0;0
chr11;30400000;30400100;3;a;0;0
chr11;30600000;30600100;17;a;0;0
chr11;30800000;30800100;1;a;0;0
chr11;31000000;31000100;20;a;0;0
chr11;31200000;31200100;16;a;0;0
chr11;31400000;31400100;8;a;0;0
chr11;31600000;31600100;27;a;0;0
chr11;31800000;31800100;28;a;0;0
chr11;32000000;32000100;28;a;0;0
chr11;32200000;32200100;19;a;0;0
chr11;32400000;32400100;20;a;0;0
chr11;32600000;32600100;16;a;0;0
chr11;32800000;32800100;11;a;0;0
chr11;33000000;33000100;13;a;0;0
chr11;33200000;33200100;27;a;0;0
chr11;33400000;33400100;23;a;0;0
chr11;33600000;33600100;13;a;0;0
chr11;33800000;33800100;11;a;0;0
chr11;34000000;34000100;7;a;0;0
chr11;34200000;34200100;25;a;0;0
chr11;34400000;34400100;15;a;0;0
chr11;34600000;34600100;15;a;0;0
chr11;34800000;34800100;20;a;0;0
chr11;35000000;35000100;10;a;0;0
chr11;35200000;35200100;31;a;0;0
chr11;35400000;35400100;20;a;0;0
chr11;35600000;35600100;20;a;0;0
chr11;35800000;35800100;20;a;0;0
chr11;36000000;36000100;6;a;0;0
chr11;36200000;36200100;18;a;0;0
chr11;36400000;36400100;8;a;0;0
chr11;36600000;36600100;4;a;0;0
chr11;36800000;36800100;16;a;0;0
chr11;37000000;37000100;17;a;0;0
chr11;37200000;37200100;15;a;0;0
chr11;37400000;37400100;11;a;0;0
chr11;37600000;37600100;7;a;0;0
chr11;37800000;37800100;31;a;0;0
chr11;38000000;38000100;13;a;0;0
chr11;38200000;38200100;27;a;0;0
chr11;38400000;38400100;23;a;0;0
chr11;38600000;38600100;23;a;0;0
chr11;38800000;38800100;37;a;0;0
chr11;39000000;39000100;29;a;0;0
chr11;39200000;39200100;39;a;0;0
chr11;39400000;39400100;43;a;0;0
chr11;39600000;39600100;18;a;0;0
chr11;39800000;39800100;43;a;0;0
chr11;40000000;40000100;60;a;0;0
chr11;40200000;40200100;32;a;0;0
chr11;40400000;40400100;38;a;0;0
chr11;40600000;40600100;29;a;0;0
chr11;40800000;40800100;68;a;0;0
chr13;0;100;0;a;0;0
chr13;200000;200100;64;a;0;0
chr13;400000;400100;52;a;0;0
chr13;600000;600100;52;a;0;0
chr13;800000;800100;49;a;0;0
chr13;1000000;1000100;44;a;0;0
chr13;1200000;1200100;50;a;0;0
chr13;1400000;1400100;35;a;0;0
chr13;1600000;1600100;63;a;0;0
chr13;1800000;1800100;70;a;0;0
chr13;2000000;2000100;44;a;0;0
chr13;2200000;2200100;60;a;0;0
chr13;2400000;2400100;54;a;0;0
chr13;2600000;2600100;43;a;0;0
chr13;2800000;2800100;54;a;0;0
chr13;3000000;3000100;50;a;0;0
chr13;3200000;3200100;49;a;0;0
chr13;3400000;3400100;47;a;0;0
chr13;3600000;3600100;42;a;0;0
chr13;3800000;3800100;49;a;0;0
chr13;4000000;4000100;43;a;0;0
chr13;4200000;4200100;55;a;0;0
chr13;4400000;4400100;41;a;0;0
chr13;4600000;4600100;45;a;0;0
chr13;4800000;4800100;47;a;0;0
chr13;5000000;5000100;52;a;0;0
chr13;5200000;5200100;54;a;0;0
chr13;5400000;5400100;46;a;0;0
chr13;5600000;5600100;64;a;0;0
chr13;5800000;5800100;54;a;0;0
chr13;6000000;6000100;46;a;0;0
chr13;6200000;6200100;55;a;0;0
chr13;6400000;6400100;49;a;0;0
chr13;6600000;6600100;52;a;0;0
chr13;6800000;6800100;43;a;0;0
chr13;7000000;7000100;57;a;0;0
chr13;7200000;7200100;54;a;0;0
chr13;7400000;7400100;55;a;0;0
chr13;7600000;7600100;53;a;0;0
chr13;7800000;7800100;62;a;0;0
chr13;8000000;8000100;62;a;0;0
chr13;8200000;8200100;50;a;0;0
chr13;8400000;8400100;57;a;0;0
chr13;8600000;8600100;25;a;0;0
chr13;8800000;8800100;46;a;0;0
chr13;9000000;9000100;43;a;0;0
chr13;9200000;9200100;53;a;0;0
chr13;9400000;9400100;45;a;0;0
chr13;9600000;9600100;46;a;0;0
chr13;9800000;9800100;38;a;0;0
chr13;10000000;10000100;40;a;0;0
chr13;10200000;10200100;38;a;0;0
chr13;10400000;10400100;61;a;0;0
chr13;10600000;10600100;30;a;0;0
chr13;10800000;10800100;41;a;0;0
chr13;11000000;11000100;24;a;0;0
chr13;11200000;11200100;31;a;0;0
chr13;11400000;11400100;30;a;0;0
chr13;11600000;11600100;53;a;0;0
chr13;11800000;11800100;44;a;0;0
chr13;12000000;12000100;56;a;0;0
chr13;12200000;12200100;56;a;0;0
chr13;12400000;12400100;42;a;0;0
chr13;12600000;12600100;45;a;0;0
chr13;12800000;12800100;30;a;0;0
chr13;13000000;13000100;54;a;0;0
chr13;13200000;13200100;39;a;0;0
chr13;13400000;13400100;24;a;0;0
chr13;13600000;13600100;45;a;0;0
chr13;13800000;13800100;31;a;0;0
chr13;14000000;14000100;38;a;0;0
chr13;14200000;14200100;45;a;0;0
chr13;14400000;14400100;28;a;0;0
chr13;14600000;14600100;25;a;0;0
chr13;14800000;14800100;36;a;0;0
chr13;15000000;15000100;20;a;0;0
chr13;15200000;15200100;46;a;0;0
chr13;15400000;15400100;39;a;0;0
chr13;15600000;15600100;30;a;0;0
chr13;15800000;15800100;33;a;0;0
chr13;16000000;16000100;33;a;0;0
chr13;16200000;16200100;22;a;0;0
chr13;16400000;16400100;25;a;0;0
chr13;16600000;16600100;29;a;0;0
chr13;16800000;16800100;26;a;0;0
chr13;17000000;17000100;31;a;0;0
chr13;17200000;17200100;24;a;0;0
chr13;17400000;17400100;36;a;0;0
chr13;17600000;17600100;31;a;0;0
chr13;17800000;17800100;1;a;0;0
chr13;18000000;18000100;17;a;0;0
chr13;18200000;18200100;13;a;0;0
chr13;18400000;18400100;18;a;0;0
chr13;18600000;18600100;1;a;0;0
chr13;18800000;18800100;18;a;0;0
chr13;19000000;19000100;25;a;0;0
chr13;19200000;19200100;15;a;0;0
chr13;19400000;19400100;24;a;0;0
chr13;19600000;19600100;23;a;0;0
chr13;19800000;19800100;34;a;0;0
chr13;20000000;20000100;35;a;0;0
chr13;20200000;20200100;13;a;0;0
chr13;20400000;20400100;22;a;0;0
chr13;20600000;20600100;15;a;0;0
chr13;20800000;20800100;3;a;0;0
chr13;21000000;21000100;8;a;0;0
chr13;21200000;21200100;29;a;0;0
chr13;21400000;21400100;13;a;0;0
chr13;21600000;21600100;7;a;0;0
chr13;21800000;21800100;5;a;0;0
chr13;22000000;22000100;14;a;0;0
chr13;22200000;22200100;9;a;0;0
chr13;22400000;22400100;12;a;0;0
chr13;22600000;22600100;13;a;0;0
chr13;22800000;22800100;13;a;0;0
chr13;23000000;23000100;10;a;0;0
chr13;23200000;23200100;15;a;0;0
chr13;23400000;23400100;27;a;0;0
chr13;23600000;23600100;22;a;0;0
chr13;23800000;23800100;15;a;0;0
chr13;24000000;24000100;18;a;0;0
chr13;24200000;24200100;12;a;0;0
chr13;24400000;24400100;17;a;0;0
chr13;24600000;24600100;14;a;0;0
chr13;24800000;24800100;11;a;0;0
chr13;25000000;25000100;13;a;0;0
chr13;25200000;25200100;10;a;0;0
chr13;25400000;25400100;17;a;0;0
chr13;25600000;25600100;11;a;0;0
chr13;25800000;25800100;8;a;0;0
chr13;26000000;26000100;11;a;0;0
chr13;26200000;26200100;14;a;0;0
chr13;26400000;26400100;11;a;0;0
chr13;26600000;26600100;6;a;0;0
chr13;26800000;26800100;30;a;0;0
chr13;27000000;27000100;8;a;0;0
chr13;27200000;27200100;15;a;0;0
chr13;27400000;27400100;13;a;0;0
chr13;27600000;27600100;21;a;0;0
chr13;27800000;27800100;7;a;0;0
chr13;28000000;28000100;8;a;0;0
chr13;28200000;28200100;4;a;0;0
chr13;28400000;28400100;21;a;0;0
chr13;28600000;28600100;15;a;0;0
chr13;28800000;28800100;2;a;0;0
chr13;29000000;29000100;9;a;0;0
chr13;29200000;29200100;14;a;0;0
chr13;29400000;29400100;14;a;0;0
chr13;29600000;29600100;13;a;0;0
chr13;29800000;29800100;11;a;0;0
chr13;30000000;30000100;14;a;0;0
chr13;30200000;30200100;7;a;0;0
chr13;30400000;30400100;9;a;0;0
chr13;30600000;30600100;9;a;0;0
chr13;30800000;30800100;7;a;0;0
chr13;31000000;31000100;20;a;0;0
chr13;31200000;31200100;8;a;0;0
chr13;31400000;31400100;3;a;0;0
chr13;31600000;31600100;14;a;0;0
chr13;31800000;31800100;3;a;0;0
chr13;32000000;32000100;12;a;0;0
chr13;32200000;32200100;4;a;0;0
chr13;32400000;32400100;6;a;0;0
chr13;32600000;32600100;3;a;0;0
chr15;0;0;0;a;0;0
chr15;200000;200000;52;a;0;0
chr15;400000;400000;60;a;0;0
chr15;600000;600000;49;a;0;0
chr15;800000;800000;64;a;0;0
chr15;1000000;1000000;51;a;0;0
chr15;1200000;1200000;36;a;0;0
chr15;1400000;1400000;39;a;0;0
chr15;1600000;1600000;53;a;0;0
chr15;1800000;1800000;34;a;0;0
chr15;2000000;2000000;41;a;0;0
chr15;2200000;2200000;19;a;0;0
chr15;2400000;2400000;42;a;0;0
chr15;2600000;2600000;31;a;0;0
chr15;2800000;2800000;19;a;0;0
chr15;3000000;3000000;37;a;0;0
chr15;3200000;3200000;38;a;0;0
chr15;3400000;3400000;38;a;0;0
chr15;3600000;3600000;33;a;0;0
chr15;3800000;3800000;26;a;0;0
chr15;4000000;4000000;35;a;0;0
chr15;4200000;4200000;34;a;0;0
chr15;4400000;4400000;43;a;0;0
chr15;4600000;4600000;41;a;0;0
chr15;4800000;4800000;24;a;0;0
chr15;5000000;5000000;22;a;0;0
chr15;5200000;5200000;37;a;0;0
chr15;5400000;5400000;24;a;0;0
chr15;5600000;5600000;31;a;0;0
chr15;5800000;5800000;39;a;0;0
chr15;6000000;6000000;33;a;0;0
chr15;6200000;6200000;27;a;0;0
chr15;6400000;6400000;31;a;0;0
chr15;6600000;6600000;15;a;0;0
chr15;6800000;6800000;14;a;0;0
chr15;7000000;7000000;6;a;0;0
chr15;7200000;7200000;6;a;0;0
chr15;7400000;7400000;2;a;0;0
chr15;7600000;7600000;9;a;0;0
chr15;7800000;7800000;3;a;0;0
chr15;8000000;8000000;8;a;0;0
chr15;8200000;8200000;0;a;0;0
chr15;8400000;8400000;4;a;0;0
chr15;8600000;8600000;13;a;0;0
chr15;8800000;8800000;28;a;0;0
chr15;9000000;9000000;20;a;0;0
chr15;9200000;9200000;14;a;0;0
chr15;9400000;9400000;6;a;0;0
chr15;9600000;9600000;10;a;0;0
chr15;9800000;9800000;15;a;0;0
chr15;10000000;10000000;14;a;0;0
chr15;10200000;10200000;14;a;0;0
chr15;10400000;10400000;5;a;0;0
chr15;10600000;10600000;6;a;0;0
chr15;10800000;10800000;12;a;0;0
chr15;11000000;11000000;2;a;0;0
chr15;11200000;11200000;19;a;0;0
chr15;11400000;11400000;12;a;0;0
chr15;11600000;11600000;19;a;0;0
chr15;11800000;11800000;24;a;0;0
chr15;12000000;12000000;22;a;0;0
chr15;12200000;12200000;29;a;0;0
chr15;12400000;12400000;14;a;0;0
chr15;12600000;12600000;16;a;0;0
chr15;12800000;12800000;0;a;0;0
chr15;13000000;13000000;18;a;0;0
chr15;13200000;13200000;10;a;0;0
chr15;13400000;13400000;3;a;0;0
chr15;13600000;13600000;11;a;0;0
chr15;13800000;13800000;13;a;0;0
chr15;14000000;14000000;14;a;0;0
chr15;14200000;14200000;22;a;0;0
chr15;14400000;14400000;22;a;0;0
chr15;14600000;14600000;17;a;0;0
chr15;14800000;14800000;30;a;0;0
chr15;15000000;15000000;9;a;0;0
chr15;15200000;15200000;20;a;0;0
chr15;15400000;15400000;27;a;0;0
chr15;15600000;15600000;32;a;0;0
chr15;15800000;15800000;16;a;0;0
chr15;16000000;16000000;29;a;0;0
chr15;16200000;16200000;19;a;0;0
chr15;16400000;16400000;17;a;0;0
chr15;16600000;16600000;12;a;0;0
chr15;16800000;16800000;19;a;0;0
chr15;17000000;17000000;22;a;0;0
chr15;17200000;17200000;28;a;0;0
chr15;17400000;17400000;28;a;0;0
chr15;17600000;17600000;25;a;0;0
chr15;17800000;17800000;21;a;0;0
chr15;18000000;18000000;28;a;0;0
chr15;18200000;18200000;24;a;0;0
chr15;18400000;18400000;26;a;0;0
chr15;18600000;18600000;31;a;0;0
chr15;18800000;18800000;34;a;0;0
chr15;19000000;19000000;21;a;0;0
chr15;19200000;19200000;26;a;0;0
chr15;19400000;19400000;28;a;0;0
chr15;19600000;19600000;16;a;0;0
chr15;19800000;19800000;23;a;0;0
chr15;20000000;20000000;18;a;0;0
chr15;20200000;20200000;15;a;0;0
chr15;20400000;20400000;10;a;0;0
chr15;20600000;20600000;12;a;0;0
chr15;20800000;20800000;30;a;0;0
chr15;21000000;21000000;37;a;0;0
chr15;21200000;21200000;15;a;0;0
chr15;21400000;21400000;31;a;0;0
chr15;21600000;21600000;50;a;0;0
chr15;21800000;21800000;27;a;0;0
chr15;22000000;22000000;24;a;0;0
chr15;22200000;22200000;6;a;0;0
chr15;22400000;22400000;46;a;0;0
chr15;22600000;22600000;57;a;0;0
chr15;22800000;22800000;34;a;0;0
chr15;23000000;23000000;36;a;0;0
chr15;23200000;23200000;8;a;0;0
chr15;23400000;23400000;30;a;0;0
chr15;23600000;23600000;44;a;0;0
chr15;23800000;23800000;33;a;0;0
chr15;24000000;24000000;23;a;0;0
chr15;24200000;24200000;20;a;0;0
chr15;24400000;24400000;36;a;0;0
chr15;24600000;24600000;40;a;0;0
chr15;24800000;24800000;56;a;0;0
chr15;25000000;25000000;71;a;0;0
chr15;25200000;25200000;53;a;0;0
chr15;25400000;25400000;44;a;0;0
chr15;25600000;25600000;48;a;0;0
chr15;25800000;25800000;59;a;0;0
chr15;26000000;26000000;53;a;0;0
chr15;26200000;26200000;47;a;0;0
chr15;26400000;26400000;43;a;0;0
chr15;26600000;26600000;31;a;0;0
chr15;26800000;26800000;58;a;0;0
chr15;27000000;27000000;44;a;0;0
chr15;27200000;27200000;34;a;0;0
chr15;27400000;27400000;40;a;0;0
chr15;27600000;27600000;54;a;0;0
chr15;27800000;27800000;39;a;0;0
chr15;28000000;28000000;50;a;0;0
chr15;28200000;28200000;43;a;0;0
chr15;28400000;28400000;61;a;0;0
chr15;28600000;28600000;47;a;0;0
chr15;28800000;28800000;70;a;0;0
chr15;29000000;29000000;49;a;0;0
chr15;29200000;29200000;41;a;0;0
chr15;29400000;29400000;57;a;0;0
chr15;29600000;29600000;48;a;0;0
chr15;29800000;29800000;51;a;0;0
chr15;30000000;30000000;62;a;0;0
chr15;30200000;30200000;51;a;0;0
chr15;30400000;30400000;46;a;0;0
chr15;30600000;30600000;45;a;0;0
chr15;30800000;30800000;53;a;0;0
chr15;31000000;31000000;70;a;0;0
chr15;31200000;31200000;60;a;0;0
chr17;0;100;0;a;0;0
chr17;200000;200100;39;a;0;0
chr17;400000;400100;48;a;0;0
chr17;600000;600100;48;a;0;0
chr17;800000;800100;52;a;0;0
chr17;1000000;1000100;51;a;0;0
chr17;1200000;1200100;51;a;0;0
chr17;1400000;1400100;49;a;0;0
chr17;1600000;1600100;64;a;0;0
chr17;1800000;1800100;30;a;0;0
chr17;2000000;2000100;51;a;0;0
chr17;2200000;2200100;55;a;0;0
chr17;2400000;2400100;58;a;0;0
chr17;2600000;2600100;58;a;0;0
chr17;2800000;2800100;41;a;0;0
chr17;3000000;3000100;46;a;0;0
chr17;3200000;3200100;53;a;0;0
chr17;3400000;3400100;63;a;0;0
chr17;3600000;3600100;68;a;0;0
chr17;3800000;3800100;43;a;0;0
chr17;4000000;4000100;39;a;0;0
chr17;4200000;4200100;40;a;0;0
chr17;4400000;4400100;64;a;0;0
chr17;4600000;4600100;52;a;0;0
chr17;4800000;4800100;41;a;0;0
chr17;5000000;5000100;43;a;0;0
chr17;5200000;5200100;45;a;0;0
chr17;5400000;5400100;51;a;0;0
chr17;5600000;5600100;12;a;0;0
chr17;5800000;5800100;30;a;0;0
chr17;6000000;6000100;42;a;0;0
chr17;6200000;6200100;43;a;0;0
chr17;6400000;6400100;37;a;0;0
chr17;6600000;6600100;20;a;0;0
chr17;6800000;6800100;19;a;0;0
chr17;7000000;7000100;44;a;0;0
chr17;7200000;7200100;44;a;0;0
chr17;7400000;7400100;10;a;0;0
chr17;7600000;7600100;26;a;0;0
chr17;7800000;7800100;35;a;0;0
chr17;8000000;8000100;49;a;0;0
chr17;8200000;8200100;23;a;0;0
chr17;8400000;8400100;18;a;0;0
chr17;8600000;8600100;16;a;0;0
chr17;8800000;8800100;9;a;0;0
chr17;9000000;9000100;15;a;0;0
chr17;9200000;9200100;28;a;0;0
chr17;9400000;9400100;46;a;0;0
chr17;9600000;9600100;21;a;0;0
chr17;9800000;9800100;47;a;0;0
chr17;10000000;10000100;27;a;0;0
chr17;10200000;10200100;17;a;0;0
chr17;10400000;10400100;20;a;0;0
chr17;10600000;10600100;23;a;0;0
chr17;10800000;10800100;7;a;0;0
chr17;11000000;11000100;11;a;0;0
chr17;11200000;11200100;14;a;0;0
chr17;11400000;11400100;4;a;0;0
chr17;11600000;11600100;0;a;0;0
chr17;11800000;11800100;3;a;0;0
chr17;12000000;12000100;11;a;0;0
chr17;12200000;12200100;1;a;0;0
chr17;12400000;12400100;9;a;0;0
chr17;12600000;12600100;7;a;0;0
chr17;12800000;12800100;6;a;0;0
chr17;13000000;13000100;7;a;0;0
chr17;13200000;13200100;2;a;0;0
chr17;13400000;13400100;12;a;0;0
chr17;13600000;13600100;8;a;0;0
chr17;13800000;13800100;20;a;0;0
chr17;14000000;14000100;15;a;0;0
chr17;14200000;14200100;7;a;0;0
chr17;14400000;14400100;7;a;0;0
chr17;14600000;14600100;30;a;0;0
chr17;14800000;14800100;10;a;0;0
chr17;15000000;15000100;5;a;0;0
chr17;15200000;15200100;6;a;0;0
chr17;15400000;15400100;19;a;0;0
chr17;15600000;15600100;20;a;0;0
chr17;15800000;15800100;11;a;0;0
chr17;16000000;16000100;16;a;0;0
chr17;16200000;16200100;16;a;0;0
chr17;16400000;16400100;11;a;0;0
chr17;16600000;16600100;31;a;0;0
chr17;16800000;16800100;25;a;0;0
chr17;17000000;17000100;24;a;0;0
chr17;17200000;17200100;23;a;0;0
chr17;17400000;17400100;24;a;0;0
chr17;17600000;17600100;8;a;0;0
chr17;17800000;17800100;28;a;0;0
chr17;18000000;18000100;26;a;0;0
chr17;18200000;18200100;41;a;0;0
chr17;18400000;18400100;32;a;0;0
chr17;18600000;18600100;43;a;0;0
chr19;0;100;0;a;0;0
chr19;200000;200100;57;a;0;0
chr19;400000;400100;68;a;0;0
chr19;600000;600100;67;a;0;0
chr19;800000;800100;57;a;0;0
chr19;1000000;1000100;58;a;0;0
chr19;1200000;1200100;54;a;0;0
chr19;1400000;1400100;59;a;0;0
chr19;1600000;1600100;53;a;0;0
chr19;1800000;1800100;43;a;0;0
chr19;2000000;2000100;51;a;0;0
chr19;2200000;2200100;44;a;0;0
chr19;2400000;2400100;56;a;0;0
chr19;2600000;2600100;53;a;0;0
chr19;2800000;2800100;53;a;0;0
chr19;3000000;3000100;52;a;0;0
chr19;3200000;3200100;56;a;0;0
chr19;3400000;3400100;40;a;0;0
chr19;3600000;3600100;44;a;0;0
chr19;3800000;3800100;33;a;0;0
chr19;4000000;4000100;58;a;0;0
chr19;4200000;4200100;54;a;0;0
chr19;4400000;4400100;42;a;0;0
chr19;4600000;4600100;43;a;0;0
chr19;4800000;4800100;48;a;0;0
chr19;5000000;5000100;57;a;0;0
chr19;5200000;5200100;31;a;0;0
chr19;5400000;5400100;49;a;0;0
chr19;5600000;5600100;52;a;0;0
chr19;5800000;5800100;48;a;0;0
chr19;6000000;6000100;57;a;0;0
chr19;6200000;6200100;29;a;0;0
chr19;6400000;6400100;38;a;0;0
chr19;6600000;6600100;34;a;0;0
chr19;6800000;6800100;34;a;0;0
chr19;7000000;7000100;32;a;0;0
chr19;7200000;7200100;24;a;0;0
chr19;7400000;7400100;46;a;0;0
chr19;7600000;7600100;67;a;0;0
chr19;7800000;7800100;42;a;0;0
chr19;8000000;8000100;37;a;0;0
chr19;8200000;8200100;23;a;0;0
chr19;8400000;8400100;42;a;0;0
chr19;8600000;8600100;30;a;0;0
chr19;8800000;8800100;22;a;0;0
chr19;9000000;9000100;33;a;0;0
chr19;9200000;9200100;36;a;0;0
chr19;9400000;9400100;21;a;0;0
chr19;9600000;9600100;48;a;0;0
chr19;9800000;9800100;23;a;0;0
chr19;10000000;10000100;28;a;0;0
chr19;10200000;10200100;21;a;0;0
chr19;10400000;10400100;33;a;0;0
chr19;10600000;10600100;20;a;0;0
chr19;10800000;10800100;30;a;0;0
chr19;11000000;11000100;25;a;0;0
chr19;11200000;11200100;18;a;0;0
chr19;11400000;11400100;5;a;0;0
chr19;11600000;11600100;14;a;0;0
chr19;11800000;11800100;19;a;0;0
chr19;12000000;12000100;12;a;0;0
chr19;12200000;12200100;15;a;0;0
chr19;12400000;12400100;20;a;0;0
chr19;12600000;12600100;24;a;0;0
chr19;12800000;12800100;13;a;0;0
chr19;13000000;13000100;15;a;0;0
chr19;13200000;13200100;38;a;0;0
chr19;13400000;13400100;18;a;0;0
chr19;13600000;13600100;21;a;0;0
chr19;13800000;13800100;14;a;0;0
chr19;14000000;14000100;15;a;0;0
chr19;14200000;14200100;15;a;0;0
chr19;14400000;14400100;10;a;0;0
chr19;14600000;14600100;13;a;0;0
chr19;14800000;14800100;10;a;0;0
chr19;15000000;15000100;19;a;0;0
chr19;15200000;15200100;7;a;0;0
chr19;15400000;15400100;10;a;0;0
chr19;15600000;15600100;6;a;0;0
chr19;15800000;15800100;15;a;0;0
chr19;16000000;16000100;24;a;0;0
chr19;16200000;16200100;12;a;0;0
chr19;16400000;16400100;8;a;0;0
chr19;16600000;16600100;4;a;0;0
chr19;16800000;16800100;7;a;0;0
chr19;17000000;17000100;7;a;0;0
chr19;17200000;17200100;13;a;0;0
chr19;17400000;17400100;3;a;0;0
chr19;17600000;17600100;22;a;0;0
chr19;17800000;17800100;15;a;0;0
chr19;18000000;18000100;8;a;0;0
chr19;18200000;18200100;5;a;0;0
chr19;18400000;18400100;4;a;0;0
chr19;18600000;18600100;32;a;0;0
chr19;18800000;18800100;53;a;0;0
chr19;19000000;19000100;15;a;0;0
chr19;19200000;19200100;13;a;0;0
chr19;19400000;19400100;27;a;0;0
chr19;19600000;19600100;9;a;0;0
chr19;19800000;19800100;22;a;0;0
chr19;20000000;20000100;14;a;0;0
chr19;20200000;20200100;5;a;0;0
chr19;20400000;20400100;12;a;0;0
chr19;20600000;20600100;11;a;0;0
chr19;20800000;20800100;4;a;0;0
chr19;21000000;21000100;8;a;0;0
chr19;21200000;21200100;24;a;0;0
chr19;21400000;21400100;30;a;0;0
chr19;21600000;21600100;26;a;0;0
chr19;21800000;21800100;11;a;0;0
chr19;22000000;22000100;28;a;0;0
chr19;22200000;22200100;22;a;0;0
chr19;22400000;22400100;24;a;0;0
chr19;22600000;22600100;42;a;0;0
chr19;22800000;22800100;34;a;0;0
chr19;23000000;23000100;20;a;0;0
chr19;23200000;23200100;31;a;0;0
chr19;23400000;23400100;41;a;0;0
chr19;23600000;23600100;46;a;0;0
chr19;23800000;23800100;30;a;0;0
chr19;24000000;24000100;50;a;0;0
chr19;24200000;24200100;20;a;0;0
chr19;24400000;24400100;8;a;0;0
chr19;24600000;24600100;49;a;0;0
chr19;24800000;24800100;26;a;0;0
chr19;25000000;25000100;35;a;0;0
chr19;25200000;25200100;46;a;0;0
chr19;25400000;25400100;18;a;0;0
chr19;25600000;25600100;30;a;0;0
chr19;25800000;25800100;34;a;0;0
chr19;26000000;26000100;27;a;0;0
chr19;26200000;26200100;22;a;0;0
chr19;26400000;26400100;33;a;0;0
chr19;26600000;26600100;36;a;0;0
chr19;26800000;26800100;54;a;0;0
chr19;27000000;27000100;48;a;0;0
chr19;27200000;27200100;50;a;0;0
chr19;27400000;27400100;49;a;0;0
chr19;27600000;27600100;52;a;0;0
chr19;27800000;27800100;63;a;0;0
chr19;28000000;28000100;62;a;0;0
chr21;0;0;0;a;0;0
chr21;200000;200000;43;a;0;0
chr21;400000;400000;62;a;0;0
chr21;600000;600000;38;a;0;0
chr21;800000;800000;32;a;0;0
chr21;1000000;1000000;20;a;0;0
chr21;1200000;1200000;20;a;0;0
chr21;1400000;1400000;16;a;0;0
chr21;1600000;1600000;14;a;0;0
chr21;1800000;1800000;11;a;0;0
chr21;2000000;2000000;9;a;0;0
chr21;2200000;2200000;15;a;0;0
chr21;2400000;2400000;27;a;0;0
chr21;2600000;2600000;32;a;0;0
chr21;2800000;2800000;22;a;0;0
chr21;3000000;3000000;23;a;0;0
chr21;3200000;3200000;32;a;0;0
chr21;3400000;3400000;12;a;0;0
chr21;3600000;3600000;13;a;0;0
chr21;3800000;3800000;28;a;0;0
chr21;4000000;4000000;24;a;0;0
chr21;4200000;4200000;1;a;0;0
chr21;4400000;4400000;14;a;0;0
chr21;4600000;4600000;7;a;0;0
chr21;4800000;4800000;19;a;0;0
chr21;5000000;5000000;13;a;0;0
chr21;5200000;5200000;2;a;0;0
chr21;5400000;5400000;10;a;0;0
chr21;5600000;5600000;25;a;0;0
chr21;5800000;5800000;29;a;0;0
chr21;6000000;6000000;12;a;0;0
chr21;6200000;6200000;6;a;0;0
chr21;6400000;6400000;11;a;0;0
chr21;6600000;6600000;13;a;0;0
chr21;6800000;6800000;5;a;0;0
chr21;7000000;7000000;14;a;0;0
chr21;7200000;7200000;14;a;0;0
chr21;7400000;7400000;9;a;0;0
chr21;7600000;7600000;7;a;0;0
chr21;7800000;7800000;2;a;0;0
chr21;8000000;8000000;6;a;0;0
chr21;8200000;8200000;19;a;0;0
chr21;8400000;8400000;5;a;0;0
chr21;8600000;8600000;5;a;0;0
chr21;8800000;8800000;16;a;0;0
chr21;9000000;9000000;0;a;0;0
chr21;9200000;9200000;2;a;0;0
chr21;9400000;9400000;2;a;0;0
chr21;9600000;9600000;10;a;0;0
chr21;9800000;9800000;16;a;0;0
chr21;10000000;10000000;8;a;0;0
chr21;10200000;10200000;19;a;0;0
chr21;10400000;10400000;9;a;0;0
chr21;10600000;10600000;33;a;0;0
chr21;10800000;10800000;2;a;0;0
chr21;11000000;11000000;6;a;0;0
chr21;11200000;11200000;7;a;0;0
chr21;11400000;11400000;8;a;0;0
chr21;11600000;11600000;32;a;0;0
chr21;11800000;11800000;28;a;0;0
chr21;12000000;12000000;23;a;0;0
chr21;12200000;12200000;9;a;0;0
chr21;12400000;12400000;16;a;0;0
chr21;12600000;12600000;2;a;0;0
chr21;12800000;12800000;9;a;0;0
chr21;13000000;13000000;13;a;0;0
chr21;13200000;13200000;9;a;0;0
chr21;13400000;13400000;16;a;0;0
chr21;13600000;13600000;14;a;0;0
chr21;13800000;13800000;19;a;0;0
chr21;14000000;14000000;13;a;0;0
chr21;14200000;14200000;26;a;0;0
chr21;14400000;14400000;21;a;0;0
chr21;14600000;14600000;7;a;0;0
chr21;14800000;14800000;22;a;0;0
chr21;15000000;15000000;38;a;0;0
chr21;15200000;15200000;29;a;0;0
chr21;15400000;15400000;8;a;0;0
chr21;15600000;15600000;2;a;0;0
chr21;15800000;15800000;17;a;0;0
chr21;16000000;16000000;23;a;0;0
chr21;16200000;16200000;8;a;0;0
chr21;16400000;16400000;28;a;0;0
chr21;16600000;16600000;40;a;0;0
chr21;16800000;16800000;20;a;0;0
chr21;17000000;17000000;24;a;0;0
chr21;17200000;17200000;46;a;0;0
chr21;17400000;17400000;39;a;0;0
chr21;17600000;17600000;33;a;0;0
chr21;17800000;17800000;38;a;0;0
chr21;18000000;18000000;31;a;0;0
chr21;18200000;18200000;28;a;0;0
chr21;18400000;18400000;34;a;0;0
chr21;18600000;18600000;23;a;0;0
chr21;18800000;18800000;42;a;0;0
chr21;19000000;19000000;10;a;0;0
chr21;19200000;19200000;14;a;0;0
chr21;19400000;19400000;17;a;0;0
chr21;19600000;19600000;29;a;0;0
chr21;19800000;19800000;39;a;0;0
chr21;20000000;20000000;42;a;0;0
chr21;20200000;20200000;40;a;0;0
chr21;20400000;20400000;35;a;0;0
chr21;20600000;20600000;41;a;0;0
chr21;20800000;20800000;40;a;0;0
chr21;21000000;21000000;47;a;0;0
chr21;21200000;21200000;33;a;0;0
chr21;21400000;21400000;32;a;0;0
chr21;21600000;21600000;65;a;0;0
chr21;21800000;21800000;44;a;0;0
chr21;22000000;22000000;31;a;0;0
chr21;22200000;22200000;31;a;0;0
chr21;22400000;22400000;54;a;0;0
chr21;22600000;22600000;30;a;0;0
chr21;22800000;22800000;46;a;0;0
chr21;23000000;23000000;47;a;0;0
chr21;23200000;23200000;41;a;0;0
chr21;23400000;23400000;49;a;0;0
chr21;23600000;23600000;48;a;0;0
chr21;23800000;23800000;32;a;0;0
chr21;24000000;24000000;33;a;0;0
chr21;24200000;24200000;50;a;0;0
chr21;24400000;24400000;38;a;0;0
chr21;24600000;24600000;48;a;0;0
chr21;24800000;24800000;37;a;0;0
chr21;25000000;25000000;58;a;0;0
chr21;25200000;25200000;50;a;0;0
chr21;25400000;25400000;47;a;0;0
chr21;25600000;25600000;69;a;0;0
chr21;25800000;25800000;48;a;0;0
chr21;26000000;26000000;60;a;0;0
chr21;26200000;26200000;33;a;0;0
chr21;26400000;26400000;50;a;0;0
chr21;26600000;26600000;46;a;0;0
chr21;26800000;26800000;47;a;0;0
chr21;27000000;27000000;57;a;0;0
chr21;27200000;27200000;47;a;0;0
chr21;27400000;27400000;52;a;0;0
chr21;27600000;27600000;56;a;0;0
chr21;27800000;27800000;54;a;0;0
chr21;28000000;28000000;44;a;0;0
chr21;28200000;28200000;62;a;0;0
chr21;28400000;28400000;61;a;0;0
chr21;28600000;28600000;67;a;0;0
chr21;28800000;28800000;47;a;0;0
chr21;29000000;29000000;37;a;0;0
chr21;29200000;29200000;38;a;0;0
chr21;29400000;29400000;41;a;0;0
chr21;29600000;29600000;60;a;0;0
